Player,Team,Year Signed,Years,Value,APY,Guaranteed,APY as % Of Cap at Signing,Column11,Inflated Value,Inflated APY,Inflated Guaranteed,Rk,Player.1,Tm,Age,Pos,G,GS,QBrec,Cmp,Att,Cmp%,Yds,TD,TD%,Int,Int%,1D,Succ%,Lng,Y/A,AY/A,Y/C,Y/G,Rate,QBR,Sk,Yds_1,Sk%,NY/A,ANY/A,4QC,GWD,Player-additional
Joe Burrow,Bengals,2023,5,275000000,55000000,219010000,0.245,,312433274,62486655,248821859,5,Joe Burrow,CIN,26,QB,16,16,36864,414,606,68.3,4475,35,5.8,12,2,222,50.1,60,7.4,7.6,10.8,279.7,100.8,60.8,41,259,6.3,6.52,6.76,3,4,BurrJo01
Justin Herbert,Chargers,2023,5,262500000,52500000,193738375,0.234,,298231762,59646352,220110236,2,Justin Herbert,LAC,24,QB,17,17,36806,477,699,68.2,4739,25,3.6,10,1.4,228,46.3,55,6.8,6.9,9.9,278.8,93.2,60.2,38,206,5.2,6.15,6.22,4,5,HerbJu00
Jalen Hurts,Eagles,2023,5,255000000,51000000,179304000,0.227,,289710854,57942171,203711039,10,Jalen Hurts,PHI,24,QB,15,15,14-1-0,306,460,66.5,3701,22,4.8,6,1.3,165,46.4,68,8,8.4,12.1,246.7,101.5,68.3,38,231,7.6,6.97,7.31,1,2,HurtJa00
Aaron Rodgers,GB/NYJ,2022,5,150815000,50271667,150665000,0.241,,185005528,61668510,184821523,10,Aaron Rodgers,GNB,38,QB,16,16,13-3-0,366,531,68.9,4115,37,7,4,0.8,213,50.6,75,7.7,8.8,11.2,257.2,111.9,74.1,30,188,5.3,7,8,1,2,RodgAa00
Russell Wilson,Broncos,2022,5,245000000,49000000,165000000,0.235,,300542747,60108549,202406340,22,Russell Wilson,SEA,33,QB,14,14,36685,259,400,64.8,3113,25,6.3,6,1.5,135,44.6,69,7.8,8.4,12,222.4,103.1,60.6,33,266,7.6,6.58,7.11,0,1,WilsRu00
Kyler Murray,Cardinals,2022,5,230500000,46100000,160000000,0.221,,282755524,56551105,196272815,14,Kyler Murray,ARI,24,QB,14,14,36774,333,481,69.2,3787,24,5,10,2.1,172,49.6,77,7.9,7.9,11.4,270.5,100.6,63.2,31,286,6.1,6.84,6.9,1,1,MurrKy00
Patrick Mahomes,Chiefs,2020,10,450000000,45000000,141000000,0.227,,579868819,57986882,181692230,10,Patrick Mahomes,KAN,24,QB,14,14,36833,319,484,65.9,4031,26,5.4,5,1,176,50.9,83,8.3,8.9,12.6,287.9,105.3,77.7,17,127,3.4,7.79,8.38,1,1,MahoPa00
Kirk Cousins,Falcons,2024,4,180000000,45000000,100000000,0.176,,180000000,45000000,100000000,24,Kirk Cousins,MIN,35,QB,8,8,36620,216,311,69.5,2331,18,5.8,5,1.6,112,46.6,62,7.5,7.9,10.8,291.4,103.8,63.2,17,110,5.2,6.77,7.18,,,CousKi00
Josh Allen,Bills,2021,6,258000000,43000000,150000000,0.236,,361058630,60176438,209917808,5,Josh Allen,BUF,24,QB,16,16,13-3-0,396,572,69.2,4544,37,6.5,10,1.7,228,56.5,55,7.9,8.5,11.5,284,107.2,76.6,26,159,4.3,7.33,7.82,2,3,AlleJo02
Derek Carr,Raiders,2022,3,121422481,40474160,65300000,0.194,,148949576,49649858,80103842,5,Derek Carr,LVR,30,QB,17,17,36806,428,626,68.4,4804,23,3.7,14,2.2,217,49.7,61,7.7,7.4,11.2,282.6,94,58.4,40,241,6,6.85,6.6,3,6,CarrDe02
Daniel Jones,Giants,2023,4,160000000,40000000,104000000,0.178,,181779359,45444840,118156584,15,Daniel Jones,NYG,25,QB,16,16,37140,317,472,67.2,3205,15,3.2,5,1.1,156,45.7,65,6.8,6.9,10.1,200.3,92.5,62.9,44,243,8.5,5.74,5.89,4,5,JoneDa05
Matt Stafford,Rams,2022,4,160000000,40000000,120000000,0.192,,196272815,49068204,147204611,3,Matthew Stafford,LAR,33,QB,17,17,12/5/2000,404,601,67.2,4886,41,6.8,17,2.8,233,52.6,79,8.1,8.2,12.1,287.4,102.9,69.2,30,243,4.8,7.36,7.45,3,4,StafMa00
Dak Prescott,Cowboys,2021,4,160000000,40000000,126000000,0.219,,223912329,55978082,176330959,32,Dak Prescott,DAL,27,QB,5,5,36559,151,222,68,1856,9,4.1,4,1.8,93,56,58,8.4,8.4,12.3,371.2,99.6,73.1,10,66,4.3,7.72,7.72,1,1,PresDa01
Deshaun Watson,Texans,2020,4,156000000,39000000,111894247,0.197,,201021191,50255298,144186633,13,Deshaun Watson,HOU,24,QB,15,15,36804,333,495,67.3,3852,26,5.3,12,2.4,191,49.4,54,7.8,7.7,11.6,256.8,98,70.5,44,257,8.2,6.67,6.63,3,5,WatsDe00
Derek Carr,Saints,2023,4,150000000,37500000,100000000,0.167,,170418149,42604537,113612100,14,Derek Carr,LVR,31,QB,15,15,36686,305,502,60.8,3522,24,4.8,14,2.8,161,42.3,60,7,6.7,11.5,234.8,86.3,57.6,27,191,5.1,6.3,6.01,4,3,CarrDe02
Aaron Rodgers,Jets,2023,3,112500000,37500000,75000000,0.167,,127813612,42604537,85209075,11,Aaron Rodgers,GNB,39,QB,17,17,36747,350,542,64.6,3695,26,4.8,12,2.2,177,45.1,58,6.8,6.8,10.6,217.4,91.1,41.3,32,258,5.6,5.99,5.95,3,4,RodgAa00
Russell Wilson,SEA/DEN,2019,4,140000000,35000000,107000000,0.186,,189989373,47497343,145206164,18,Russell Wilson,SEA,30,QB,16,16,36805,280,427,65.6,3448,35,8.2,7,1.6,156,44.1,66,8.1,9,12.3,215.5,110.9,63.3,51,355,10.7,6.47,7.28,2,4,WilsRu00
Kirk Cousins,Vikings,2022,1,35000000,35000000,70000000,0.168,,42934678,42934678,85869356,9,Kirk Cousins,MIN,33,QB,16,16,36746,372,561,66.3,4221,33,5.9,7,1.2,192,46.2,64,7.5,8.1,11.3,263.8,103.1,58.3,28,197,4.8,6.83,7.42,3,4,CousKi00
Ben Roethlisberger,Steelers,2019,2,68000000,34000000,50000000,0.181,,92280553,46140276,67853348,1,Ben Roethlisberger,PIT,36,QB,16,16,37140,452,675,67,5129,34,5,16,2.4,248,50.9,97,7.6,7.5,11.3,320.6,96.5,69.6,24,166,3.4,7.1,7.04,2,3,RoetBe00
Jared Goff,LAR/DET,2019,4,134000000,33500000,110042682,0.178,,181846971,45461743,149335287,4,Jared Goff,LAR,24,QB,16,16,13-3-0,364,561,64.9,4688,32,5.7,12,2.1,233,50.7,70,8.4,8.5,12.9,293,101.1,63.6,33,223,5.6,7.52,7.69,4,4,GoffJa00
Aaron Rodgers,Packers,2018,4,134000000,33500000,98200000,0.189,,193135440,48283860,141536569,32,Aaron Rodgers,GNB,34,QB,7,7,36619,154,238,64.7,1675,16,6.7,6,2.5,86,47.7,72,7,7.2,10.9,239.3,97.2,66.6,22,168,8.5,5.8,5.99,2,2,RodgAa00
Baker Mayfield,Buccaneers,2024,3,100000000,33333333,50000000,0.131,,100000000,33333333,50000000,9,Baker Mayfield,TAM,28,QB,17,17,36777,364,566,64.3,4044,28,4.9,10,1.8,188,44.7,75,7.1,7.3,11.1,237.9,94.6,54.3,40,232,6.6,6.29,6.47,1,2,MayfBa00
Kirk Cousins,Vikings,2020,2,66000000,33000000,96000000,0.166,,85047427,42523713,123705348,16,Kirk Cousins,MIN,31,QB,15,15,36804,307,444,69.1,3603,26,5.9,6,1.4,165,50.4,66,8.1,8.7,11.7,240.2,107.4,60.4,28,206,5.9,7.2,7.73,1,1,CousKi00
Lamar Jackson,Ravens,2023,1,32416000,32416000,0,0.144,,36828498,36828498,0,27,Lamar Jackson,BAL,25,QB,12,12,36742,203,326,62.3,2242,17,5.2,7,2.1,105,44.6,75,6.9,7,11,186.8,91.1,61.1,26,114,7.4,6.05,6.12,1,2,JackLa00
Carson Wentz,PHI/WAS/IND,2019,4,128000000,32000000,107870683,0.17,,173704570,43426142,146387739,21,Carson Wentz,PHI,26,QB,11,11,36652,279,401,69.6,3074,21,5.2,7,1.7,159,50.7,58,7.7,7.9,11,279.5,102.2,62,31,202,7.2,6.65,6.89,2,2,WentCa00
Dak Prescott,Cowboys,2020,1,31409000,31409000,31409000,0.158,,40473555,40473555,40473555,2,Dak Prescott,DAL,26,QB,16,16,36746,388,596,65.1,4902,30,5,11,1.8,229,52.3,62,8.2,8.4,12.6,306.4,99.7,71.9,23,151,3.7,7.68,7.84,,,PresDa01
Matt Ryan,IND/ATL,2018,5,150000000,30000000,100000000,0.169,,216196388,43239278,144130926,6,Matt Ryan,ATL,32,QB,16,16,36805,342,529,64.7,4095,20,3.8,12,2.3,199,49.9,88,7.7,7.5,12,255.9,91.4,66.7,24,156,4.3,7.12,6.87,2,3,RyanMa00
Ryan Tannehill,Titans,2020,4,118000000,29500000,91000000,0.149,,152054490,38013623,117262361,28,Ryan Tannehill,TEN,31,QB,12,10,36710,201,286,70.3,2742,22,7.7,6,2.1,126,51.4,91,9.6,10.2,13.6,228.5,117.5,64.2,31,212,9.8,7.98,8.52,2,3,TannRy00
Kirk Cousins,Vikings,2018,3,84000000,28000000,84000000,0.158,,121069977,40356659,121069977,7,Kirk Cousins,WAS,29,QB,16,16,36716,347,540,64.3,4093,27,5,13,2.4,194,45.6,74,7.6,7.5,11.8,255.8,93.9,56.2,41,342,7.1,6.46,6.38,1,4,CousKi00
Jacoby Brissett,Colts,2019,1,27975000,27975000,20000000,0.149,,37963948,37963948,27141339,92,Jacoby Brissett,IND,26,QB,4,0,,2,4,50,2,0,0,0,0,1,25,4,0.5,0.5,1,0.5,56.2,100,0,0,0,0.5,0.5,,,BrisJa00
Jimmy Garoppolo,49ers,2018,5,137500000,27500000,74100000,0.155,,198180023,39636005,106801016,33,Jimmy Garoppolo,SFO,26,QB,6,5,5-0-0,120,178,67.4,1560,7,3.9,5,2.8,81,54.3,61,8.8,8.3,13,260,96.2,83,8,57,4.3,8.08,7.62,2,2,GaroJi00
Matt Stafford,LAR/DET,2017,5,135000000,27000000,92000000,0.162,,206461078,41292216,140699401,6,Matthew Stafford,DET,28,QB,16,16,9/7/2000,388,594,65.3,4327,24,4,10,1.7,218,48,73,7.3,7.3,11.2,270.4,93.3,65.2,37,216,5.9,6.52,6.56,8,8,StafMa00
Derek Carr,Raiders,2017,5,125025000,25005000,70200000,0.15,,191205898,38241180,107359760,14,Derek Carr,OAK,25,QB,15,15,36863,357,560,63.8,3937,28,5,6,1.1,191,45.1,75,7,7.5,11,262.5,96.7,56.1,16,79,2.8,6.7,7.2,7,7,CarrDe02
Geno Smith,Seahawks,2023,3,75000000,25000000,40000000,0.111,,85209075,28403025,45444840,8,Geno Smith,SEA,32,QB,17,17,36777,399,572,69.8,4282,30,5.2,11,1.9,206,48.2,54,7.5,7.7,10.7,251.9,100.9,62.8,46,348,7.4,6.37,6.54,2,3,SmitGe00
Drew Brees,Saints,2020,2,50000000,25000000,25000000,0.126,,64429869,32214934,32214934,26,Drew Brees,NOR,40,QB,11,11,36741,281,378,74.3,2979,27,7.1,4,1.1,159,56.2,61,7.9,8.8,10.6,270.8,116.3,73.3,12,89,3.1,7.41,8.33,1,2,BreeDr00
Tom Brady,Buccaneers,2020,2,50000000,25000000,50000000,0.126,,64429869,32214934,64429869,7,Tom Brady,NWE,42,QB,16,16,36864,373,613,60.8,4057,24,3.9,8,1.3,193,44.1,59,6.6,6.8,10.9,253.6,88,55.7,27,185,4.2,6.05,6.24,1,1,BradTo00
Drew Brees,Saints,2018,2,50000000,25000000,27000000,0.141,,72065463,36032731,38915350,4,Drew Brees,NOR,38,QB,16,16,36835,386,536,72,4334,23,4.3,8,1.5,203,51.6,54,8.1,8.3,11.2,270.9,103.9,63.1,20,145,3.6,7.53,7.71,2,2,BreeDr00
Tom Brady,Buccaneers,2021,1,25000000,25000000,25000000,0.137,,34986301,34986301,34986301,3,Tom Brady,TAM,43,QB,16,16,36835,401,610,65.7,4633,40,6.6,12,2,233,49.6,50,7.6,8,11.6,289.6,102.2,66,21,143,3.3,7.12,7.53,3,3,BradTo00
Philip Rivers,Colts,2020,1,25000000,25000000,25000000,0.126,,32214934,32214934,32214934,4,Philip Rivers,LAC,38,QB,16,16,36657,390,591,66,4615,23,3.9,20,3.4,217,49.6,84,7.8,7.1,11.8,288.4,88.5,50.5,34,222,5.4,7.03,6.32,1,2,RivePh00
Andrew Luck,Colts,2016,5,122970000,24594000,87000000,0.158,,202270484,40454097,143104270,32,Andrew Luck,IND,26,QB,7,7,36561,162,293,55.3,1881,15,5.1,12,4.1,92,42.2,87,6.4,5.6,11.6,268.7,74.9,52.4,15,88,4.9,5.82,5.04,1,2,LuckAn00
Jimmy Garoppolo,Raiders,2023,3,72750000,24250000,33750000,0.108,,82652802,27550934,38344084,23,Jimmy Garoppolo,SFO,31,QB,11,10,36710,207,308,67.2,2437,16,5.2,4,1.3,114,53.1,57,7.9,8.4,11.8,221.5,103,56.3,18,100,5.5,7.17,7.6,1,1,GaroJi00
Drew Brees,Saints,2016,1,24250000,24250000,24250000,0.156,,39888259,39888259,39888259,1,Drew Brees,NOR,36,QB,15,15,36715,428,627,68.3,4870,32,5.1,11,1.8,228,48.5,80,7.8,8,11.4,324.7,101,66.8,31,235,4.7,7.04,7.26,1,2,BreeDr00
Kirk Cousins,Commanders,2017,1,23943600,23943600,23943600,0.143,,36617937,36617937,36617937,3,Kirk Cousins,WAS,28,QB,16,16,37110,406,606,67,4917,25,4.1,12,2,227,51.2,80,8.1,8,12.1,307.3,97.2,66.5,23,190,3.7,7.52,7.45,4,4,CousKi00
Alex Smith,Commanders,2018,4,94000000,23500000,71000000,0.133,,135483070,33870767,102332957,8,Alex Smith,KAN,33,QB,15,15,36775,341,505,67.5,4042,26,5.1,5,1,182,45.6,79,8,8.6,11.9,269.5,104.7,65.6,35,207,6.5,7.1,7.65,1,3,SmitAl03
Tom Brady,Patriots,2019,1,23000000,23000000,22000000,0.122,,31212540,31212540,29855473,7,Tom Brady,NWE,41,QB,16,16,36835,375,570,65.8,4355,29,5.1,11,1.9,205,51.8,63,7.6,7.8,11.6,272.2,97.7,68.4,21,147,3.6,7.12,7.26,1,2,BradTo00
Joe Flacco,BAL/DEN,2016,3,66400000,22133333,62000000,0.143,,109219811,36406603,101982353,25,Joe Flacco,BAL,30,QB,10,10,36592,266,413,64.4,2791,14,3.4,12,2.9,125,45.7,50,6.8,6.1,10.5,279.1,83.1,50.8,16,124,3.7,6.22,5.61,3,3,FlacJo00
Nick Foles,CHI/JAX,2019,4,88000000,22000000,50125000,0.117,,119421892,29855473,68022981,34,Nick Foles,PHI,29,QB,5,5,36617,141,195,72.3,1413,7,3.6,4,2.1,59,42.6,83,7.2,7,10,282.6,96,65.4,9,47,4.4,6.7,6.5,2,2,FoleNi00
Russell Wilson,Seahawks,2015,4,87600000,21900000,61542000,0.153,,156149079,39037270,109700075,15,Russell Wilson,SEA,26,QB,16,16,36864,285,452,63.1,3475,20,4.4,7,1.5,161,42.5,80,7.7,7.9,12.2,217.2,95,69.7,42,242,8.5,6.54,6.72,1,4,WilsRu00
Ben Roethlisberger,Steelers,2015,4,87400000,21850000,64000000,0.152,,155792574,38948143,114081519,2,Ben Roethlisberger,PIT,32,QB,16,16,36835,408,608,67.1,4952,32,5.3,9,1.5,244,51.6,94,8.1,8.5,12.1,309.5,103.3,69.4,33,172,5.1,7.46,7.82,2,3,RoetBe00
Eli Manning,Giants,2015,4,84000000,21000000,65000000,0.147,,149731993,37432998,115864042,6,Eli Manning,NYG,33,QB,16,16,36687,379,601,63.1,4410,30,5,14,2.3,219,47.4,80,7.3,7.3,11.6,275.6,92.1,61,28,187,4.5,6.71,6.67,1,1,MannEl00
Teddy Bridgewater,Panthers,2020,3,63000000,21000000,33000000,0.106,,81181635,27060545,42523713,33,Teddy Bridgewater,NOR,27,QB,9,5,5-0-0,133,196,67.9,1384,9,4.6,2,1,67,47.1,45,7.1,7.5,10.4,153.8,99.1,50.9,12,89,5.8,6.23,6.66,1,2,BridTe00
Carson Palmer,Cardinals,2016,1,21000000,21000000,27150000,0.135,,34542410,34542410,44658401,4,Carson Palmer,ARI,36,QB,16,16,13-3-0,342,537,63.7,4671,35,6.5,11,2,231,52.7,68,8.7,9.1,13.7,291.9,104.6,76.4,25,151,4.4,8.04,8.41,1,4,PalmCa00
Philip Rivers,Chargers,2015,4,83250000,20812500,65000000,0.145,,148395101,37098775,115864042,8,Philip Rivers,SDG,33,QB,16,16,36776,379,570,66.5,4286,31,5.4,18,3.2,213,49.8,59,7.5,7.2,11.3,267.9,93.8,65.1,36,189,5.9,6.76,6.45,3,3,RivePh00
Cam Newton,Panthers,2015,5,103800000,20760000,60000000,0.145,,185025963,37005193,106951424,21,Cam Newton,CAR,25,QB,14,14,37019,262,448,58.5,3127,18,4,12,2.7,156,44.9,51,7,6.6,11.9,223.4,82.1,56.2,38,300,7.8,5.82,5.45,3,2,NewtCa00
Tom Brady,Patriots,2016,2,41000000,20500000,30000000,0.132,,67439943,33719972,49346300,3,Tom Brady,NWE,38,QB,16,16,36864,402,624,64.4,4770,36,5.8,7,1.1,229,47.4,76,7.6,8.3,11.9,298.1,102.2,68.4,38,225,5.7,6.87,7.48,2,2,BradTo00
Sam Bradford,Cardinals,2018,2,40000000,20000000,15000000,0.113,,57652370,28826185,21619639,47,Sam Bradford,MIN,30,QB,2,2,2-0-0,32,43,74.4,382,3,7,0,0,17,50,44,8.9,10.3,11.9,191,124.4,75.1,5,40,10.4,7.13,8.38,,,BradSa00
Kirk Cousins,Commanders,2016,1,19953000,19953000,19953000,0.129,,32820224,32820224,32820224,10,Kirk Cousins,WAS,27,QB,16,16,36776,379,543,69.8,4166,29,5.3,11,2,205,51.1,78,7.7,7.8,11,260.4,101.6,67.8,26,186,4.6,6.99,7.14,2,3,CousKi00
Ryan Tannehill,Dolphins,2015,4,77000000,19250000,45000000,0.134,,137254327,34313582,80213568,11,Ryan Tannehill,MIA,26,QB,16,16,36746,392,590,66.4,4045,27,4.6,12,2,225,47.3,50,6.9,6.9,10.3,252.8,92.8,60.5,46,337,7.2,5.83,5.83,2,1,TannRy00
Tyrod Taylor,Bills,2016,5,90000000,18000000,37000000,0.116,,148038900,29607780,60860437,23,Tyrod Taylor,BUF,26,QB,14,14,36713,242,380,63.7,3035,20,5.3,6,1.6,129,42.8,63,8,8.3,12.5,216.8,99.4,66.3,36,212,8.7,6.79,7.1,1,2,TaylTy00
Brock Osweiler,CLE/HOU,2016,4,72000000,18000000,37000000,0.116,,118431120,29607780,60860437,31,Brock Osweiler,DEN,25,QB,8,7,36648,170,275,61.8,1967,10,3.6,6,2.2,92,46.3,72,7.2,6.9,11.6,245.9,86.4,54.9,23,151,7.7,6.09,5.86,2,2,OsweBr00
Case Keenum,Broncos,2018,2,36000000,18000000,36000000,0.102,,51887133,25943567,51887133,12,Case Keenum,MIN,29,QB,15,14,36833,325,481,67.6,3547,22,4.6,7,1.5,180,50.5,65,7.4,7.6,10.9,236.5,98.3,73.3,22,136,4.4,6.78,7.03,1,3,KeenCa00
Sam Bradford,PHI/MIN,2016,2,35000000,17500000,26000000,0.113,,57570683,28785342,42766793,18,Sam Bradford,PHI,28,QB,14,14,36714,346,532,65,3725,19,3.6,14,2.6,170,45.2,78,7,6.5,10.8,266.1,86.4,39.2,28,200,5,6.29,5.85,0,2,BradSa00
Blake Bortles,Jaguars,2018,2,34947000,17483500,26500000,0.099,,50369435,25199130,38194695,11,Blake Bortles,JAX,25,QB,16,16,36805,315,523,60.2,3687,21,4,13,2.5,195,45.2,75,7,6.7,11.7,230.4,84.7,59.3,24,123,4.4,6.52,6.21,1,1,BortBl00
Peyton Manning,Broncos,2015,2,34000000,17000000,15000000,0.119,,60605807,30302903,26737856,4,Peyton Manning,DEN,38,QB,16,16,36864,395,597,66.2,4727,39,6.5,15,2.5,227,51.6,86,7.9,8.1,12,295.4,101.5,72.6,17,118,2.8,7.51,7.68,1,1,MannPe00
Colin Kaepernick,49ers,2016,2,31200000,15600000,13275000,0.1,,51320152,25660076,21835738,34,Colin Kaepernick,SFO,28,QB,9,8,36562,144,244,59,1615,6,2.5,5,2,73,38.6,76,6.6,6.2,11.2,179.4,78.5,43.7,28,166,10.3,5.33,4.94,,,KaepCo00
Baker Mayfield,CAR/LAR,2022,1,15358000,15358000,15358000,0.074,,18839737,18839737,18839737,24,Baker Mayfield,CLE,26,QB,14,14,36685,253,418,60.5,3010,17,4.1,13,3.1,143,44.3,71,7.2,6.6,11.9,215,83.1,40.9,43,269,9.3,5.95,5.41,,,MayfBa00
Tyrod Taylor,CLE/BUF,2017,2,30500000,15250000,15500000,0.091,,46644910,23322455,23704790,25,Tyrod Taylor,BUF,27,QB,15,15,36715,269,436,61.7,3023,17,3.9,6,1.4,148,43.1,84,6.9,7.1,11.2,201.5,89.7,62.4,42,192,8.8,5.92,6.07,1,1,TaylTy00
Mike Glennon,Bears,2017,3,45000000,15000000,18500000,0.09,,68820359,22940120,28292814,60,Mike Glennon,TAM,27,QB,2,0,,10,11,90.9,75,1,9.1,0,0,6,81.8,13,6.8,8.6,7.5,37.5,125.4,96.3,0,0,0,6.82,8.64,,,GlenMi00
Nick Foles,Eagles,2018,2,29000000,14500000,5000000,0.082,,41797968,20898984,7206546,44,Nick Foles,PHI,28,QB,7,3,36557,57,101,56.4,537,5,5,2,2,29,38.7,35,5.3,5.4,9.4,76.7,79.5,31.1,5,44,4.7,4.65,4.75,1,2,FoleNi00
Jameis Winston,Saints,2022,2,28000000,14000000,21000000,0.067,,34347743,17173871,25760807,34,Jameis Winston,NOR,27,QB,7,7,36648,95,161,59,1170,14,8.7,3,1.9,56,44.8,72,7.3,8.2,12.3,167.1,102.8,69.8,11,69,6.4,6.4,7.24,0,1,WinsJa00
Ben Roethlisberger,Steelers,2021,1,14000000,14000000,14000000,0.077,,19592329,19592329,19592329,16,Ben Roethlisberger,PIT,38,QB,15,15,36863,399,608,65.6,3803,33,5.4,10,1.6,193,48.6,84,6.3,6.6,9.5,253.5,94.1,52.5,13,118,2.1,5.93,6.27,4,4,RoetBe00
Jordan Love,Packers,2023,1,13500000,13500000,13000000,0.06,,15337633,15337633,14769573,63,Jordan Love,GNB,24,QB,4,0,,14,21,66.7,195,1,4.8,0,0,9,57.1,63,9.3,10.2,13.9,48.8,112.2,83.2,0,0,0,9.29,10.24,,,LoveJo03
Gardner Minshew,Raiders,2024,2,25000000,12500000,15000000,0.049,,25000000,12500000,15000000,17,Gardner Minshew II,IND,27,QB,17,13,7/6/2000,305,490,62.2,3305,15,3.1,9,1.8,147,41.2,75,6.7,6.5,10.8,194.4,84.6,59.6,34,187,6.5,5.95,5.75,2,2,MinsGa00
Nick Foles,Rams,2015,2,25000000,12250000,13792000,0.085,,44563093,21835916,24584567,29,Nick Foles,PHI,25,QB,8,8,36679,186,311,59.8,2163,13,4.2,10,3.2,101,44.1,68,7,6.3,11.6,270.4,81.4,63.6,9,74,2.8,6.53,5.93,2,3,FoleNi00
Ryan Fitzpatrick,Jets,2016,1,12000000,12000000,12000000,0.077,,19738520,19738520,19738520,15,Ryan Fitzpatrick,NYJ,33,QB,16,16,36805,335,562,59.6,3905,31,5.5,15,2.7,197,44.4,69,6.9,6.9,11.7,244.1,88,62,19,94,3.3,6.56,6.46,2,3,FitzRy00
Teddy Bridgewater,DEN/CAR,2021,1,11500000,11500000,10062500,0.063,,16093699,16093699,14081986,17,Teddy Bridgewater,CAR,28,QB,15,15,36627,340,492,69.1,3733,15,3,11,2.2,174,46.1,75,7.6,7.2,11,248.9,92.1,56.8,31,205,5.9,6.75,6.37,,,BridTe00
Taysom Hill,Saints,2020,2,21000000,10500000,17439000,0.053,,27060545,13530272,22471850,59,Taysom Hill,NOR,29,WR,16,5,,3,6,50,55,0,0,0,0,3,42.9,20,9.2,9.2,18.3,3.4,81.9,84.9,1,9,14.3,6.57,6.57,,,HillTa00
Sam Darnold,Vikings,2024,1,10000000,10000000,8750000,0.039,,10000000,10000000,8750000,56,Sam Darnold,SFO,26,QB,10,1,0-1-0,28,46,60.9,297,2,4.3,1,2.2,15,46.2,48,6.5,6.3,10.6,29.7,85.1,49.3,6,40,11.5,4.94,4.85,,,DarnSa00
Andy Dalton,Bears,2021,1,10000000,10000000,7000000,0.055,,13994521,13994521,9796164,29,Andy Dalton,DAL,33,QB,11,9,36621,216,333,64.9,2170,14,4.2,8,2.4,116,48.2,69,6.5,6.3,10,197.3,87.3,46.1,24,184,6.7,5.56,5.34,2,3,DaltAn00
Ryan Fitzpatrick,Commanders,2021,1,10000000,10000000,6000000,0.055,,13994521,13994521,8396712,30,Ryan Fitzpatrick,MIA,38,QB,9,7,36619,183,267,68.5,2091,13,4.9,8,3,106,54.4,70,7.8,7.5,11.4,232.3,95.6,70.9,14,65,5,7.21,6.85,1,1,FitzRy00
Josh McCown,Jets,2018,1,10000000,10000000,5000000,0.056,,14413093,14413093,7206546,23,Josh McCown,NYJ,38,QB,13,13,36654,267,397,67.3,2926,18,4.5,9,2.3,137,44.5,69,7.4,7.3,11,225.1,94.5,56.6,39,264,8.9,6.11,6,1,2,McCoJo01
Jay Cutler,Dolphins,2017,1,10000000,10000000,5000000,0.06,,15293413,15293413,7646707,36,Jay Cutler,CHI,33,QB,5,5,36529,81,137,59.1,1059,4,2.9,5,3.6,45,40.9,54,7.7,6.7,13.1,211.8,78.1,28.1,17,104,11,6.2,5.26,,,CutlJa00
Marcus Mariota,Falcons,2022,2,18750000,9375000,6750000,0.045,,23000720,11500360,8280259,91,Marcus Mariota,LVR,28,QB,10,0,,1,2,50,4,0,0,0,0,0,50,4,2,2,4,0.4,56.2,46.2,0,0,0,2,2,,,MariMa01
Marcus Mariota,Raiders,2020,2,17600000,8800000,7500000,0.044,,22679314,11339657,9664480,35,Marcus Mariota,TEN,26,QB,7,6,36560,95,160,59.4,1203,7,4.4,2,1.3,50,34.6,75,7.5,7.8,12.7,171.9,92.3,35.5,25,162,13.5,5.63,5.9,,,MariMa01
Nick Foles,Bears,2020,3,24000000,8000000,21000000,0.04,,30926337,10308779,27060545,40,Nick Foles,JAX,30,QB,4,4,0-4-0,77,117,65.8,736,3,2.6,2,1.7,31,40,39,6.3,6,9.6,184,84.6,35.5,8,60,6.4,5.41,5.17,,,FoleNi00
Jacoby Brissett,Patriots,2024,1,8000000,8000000,6500000,0.031,,8000000,8000000,6500000,60,Jacoby Brissett,WAS,31,QB,3,0,,18,23,78.3,224,3,13,0,0,10,56.5,48,9.7,12.3,12.4,74.7,146.8,95.6,0,0,0,9.74,12.35,,,BrisJa00
Jacoby Brissett,Commanders,2023,1,8000000,8000000,7500000,0.036,,9088968,9088968,8520907,21,Jacoby Brissett,CLE,30,QB,16,11,36623,236,369,64,2608,12,3.3,6,1.6,129,44.5,55,7.1,7,11.1,163,88.9,62,24,160,6.1,6.23,6.15,2,2,BrisJa00
Case Keenum,Commanders,2019,1,7500000,7500000,7500000,0.04,,10178002,10178002,10178002,14,Case Keenum,DEN,30,QB,16,16,36687,365,586,62.3,3890,18,3.1,15,2.6,179,44.5,64,6.6,6.1,10.7,243.1,81.2,44.5,34,235,5.5,5.9,5.39,3,4,KeenCa00
Mitchell Trubisky,Steelers,2022,2,14285000,7412500,5250000,0.036,,17523482,9092951,6440202,70,Mitchell Trubisky,BUF,27,QB,6,0,,6,8,75,43,0,0,1,12.5,2,50,15,5.4,-0.3,7.2,7.2,47.4,77.7,0,0,0,5.38,-0.25,,,TrubMi00
Teddy Bridgewater,Saints,2019,1,7250000,7250000,7250000,0.039,,9838735,9838735,9838735,56,Teddy Bridgewater,NOR,26,QB,5,1,0-1-0,14,23,60.9,118,1,4.3,1,4.3,8,36,18,5.1,4,8.4,23.6,70.6,31.3,2,8,8,4.4,3.4,,,BridTe00
Chase Daniel,Eagles,2016,3,21000000,7000000,12000000,0.045,,34542410,11514137,19738520,77,Chase Daniel,KAN,29,QB,2,0,,2,2,100,4,0,0,0,0,1,50,6,2,2,2,2,79.2,92.4,0,0,0,2,2,,,DaniCh00
Taylor Heinicke,Falcons,2023,2,14000000,7000000,6320000,0.031,,15905694,7952847,7180285,31,Taylor Heinicke,WAS,29,QB,9,9,37014,161,259,62.2,1859,12,4.6,6,2.3,93,43.2,61,7.2,7.1,11.5,206.6,89.6,46.5,19,141,6.8,6.18,6.07,2,1,HeinTa00
Jimmy Garoppolo,49ers,2022,1,7000000,7000000,6500000,0.034,,8586936,8586936,7973583,12,Jimmy Garoppolo,SFO,30,QB,15,15,36775,301,441,68.3,3810,20,4.5,12,2.7,172,50.4,83,8.6,8.3,12.7,254,98.7,59.2,29,201,6.2,7.68,7.38,3,3,GaroJi00
Ryan Tannehill,MIA/TEN,2019,1,7000000,7000000,6750000,0.037,,9499469,9499469,9160202,33,Ryan Tannehill,MIA,30,QB,11,11,36652,176,274,64.2,1979,17,6.2,9,3.3,92,42.1,75,7.2,7,11.2,179.9,92.7,33.2,35,279,11.3,5.5,5.29,3,3,TannRy00
Teddy Bridgewater,Dolphins,2022,1,6500000,6500000,6500000,0.031,,7973583,7973583,7973583,23,Teddy Bridgewater,DEN,29,QB,14,14,36714,285,426,66.9,3052,18,4.2,7,1.6,146,46,64,7.2,7.3,10.7,218,94.9,53.4,31,211,6.8,6.22,6.32,0,1,BridTe00
Case Keenum,BUF/CLE,2020,3,18000000,6000000,10000000,0.03,,23194753,7731584,12885974,32,Case Keenum,WAS,31,QB,10,8,36532,160,247,64.8,1707,11,4.5,5,2,83,46.2,69,6.9,6.9,10.7,170.7,91.3,45.6,15,145,5.7,5.96,5.94,,,KeenCa00
Tyrod Taylor,Jets,2024,2,12000000,6000000,8500000,0.023,,12000000,6000000,8500000,35,Tyrod Taylor,NYG,34,QB,11,5,36559,116,180,64.4,1341,5,2.8,3,1.7,52,43.7,80,7.5,7.3,11.6,121.9,89.1,47.7,17,94,8.6,6.33,6.15,,,TaylTy00
Marcus Mariota,Commanders,2024,1,6000000,6000000,5390000,0.023,,6000000,6000000,5390000,67,Marcus Mariota,PHI,30,QB,3,0,,15,23,65.2,164,1,4.3,1,4.3,10,53.8,22,7.1,6,10.9,54.7,82.5,59.9,3,11,11.5,5.88,4.92,,,MariMa01
Teddy Bridgewater,NYJ/NO,2018,1,6000000,6000000,500000,0.034,,8647856,8647856,720655,80,Teddy Bridgewater,MIN,25,QB,1,0,,0,2,0,0,0,0,1,50,0,0,0,0,-22.5,,0,0,0,0,0,0,0,-22.5,,,BridTe00
Josh McCown,Jets,2017,1,6000000,6000000,6000000,0.036,,9176048,9176048,9176048,34,Josh McCown,CLE,37,QB,5,3,0-3-0,90,165,54.5,1100,6,3.6,6,3.6,56,41,54,6.7,5.8,12.2,220,72.3,30.8,18,126,9.8,5.32,4.5,,,McCoJo01
Mitchell Trubisky,Steelers,2023,2,11250000,5625000,6920000,0.025,,12781361,6390681,7861957,35,Mitchell Trubisky,PIT,28,QB,7,5,36559,117,180,65,1252,4,2.2,5,2.8,65,45.5,45,7,6.2,10.7,178.9,81.1,58.5,11,68,5.8,6.2,5.44,0,1,TrubMi00
Tyrod Taylor,Giants,2022,2,11000000,5500000,10900000,0.026,,13493756,6746878,13371085,38,Tyrod Taylor,HOU,32,QB,6,6,36560,91,150,60.7,966,5,3.3,5,3.3,44,44.8,52,6.4,5.6,10.6,161,76.7,46.4,13,119,8,5.2,4.43,,,TaylTy00
Ryan Fitzpatrick,Dolphins,2019,2,11000000,5500000,7000000,0.029,,14927736,7463868,9499469,28,Ryan Fitzpatrick,TAM,36,QB,8,7,36561,164,246,66.7,2366,17,6.9,12,4.9,113,51.9,75,9.6,8.8,14.4,295.8,100.4,61,14,76,5.4,8.81,8.04,,,FitzRy00
Tyrod Taylor,Chargers,2019,2,11000000,5500000,6000000,0.029,,14927736,7463868,8142402,45,Tyrod Taylor,CLE,29,QB,4,3,36892,42,85,49.4,473,2,2.4,2,2.4,17,28.6,47,5.6,5,11.3,118.3,64.5,27,13,81,13.3,4,3.49,1,0,TaylTy00
Nick Foles,Eagles,2017,2,11000000,5500000,7000000,0.033,,16822754,8411377,10705389,46,Nick Foles,KAN,27,QB,3,1,1-0-0,36,55,65.5,410,3,5.5,0,0,15,33.9,49,7.5,8.5,11.4,136.7,105.9,29.9,4,34,6.8,6.37,7.39,,,FoleNi00
Jameis Winston,Saints,2021,1,5500000,5500000,5500000,0.03,,7696986,7696986,7696986,66,Jameis Winston,NOR,26,QB,4,0,,7,11,63.6,75,0,0,0,0,5,38.5,19,6.8,6.8,10.7,18.8,83.5,12,2,11,15.4,4.92,4.92,,,WinsJa00
Tyrod Taylor,Texans,2021,1,5500000,5500000,2500000,0.03,,7696986,7696986,3498630,58,Tyrod Taylor,LAC,31,QB,2,1,1-0-0,16,30,53.3,208,0,0,0,0,10,37.5,37,6.9,6.9,13,104,75.4,16.6,2,1,6.3,6.47,6.47,1,1,TaylTy00
Brian Hoyer,Texans,2015,2,10500000,5250000,4750000,0.037,,18716499,9358250,8466988,18,Brian Hoyer,CLE,29,QB,14,13,36713,242,438,55.3,3326,12,2.7,13,3,163,41.1,81,7.6,6.8,13.7,237.6,76.5,38.7,24,160,5.2,6.85,6.11,4,4,HoyeBr00
Cam Newton,Patriots,2021,1,5100000,5100000,3500000,0.028,,7137205,7137205,4898082,24,Cam Newton,NWE,31,QB,15,15,36715,242,368,65.8,2657,8,2.2,10,2.7,133,45.9,50,7.2,6.4,11,177.1,82.9,39.4,31,195,7.8,6.17,5.44,1,3,NewtCa00
Andy Dalton,Panthers,2023,2,10000000,5000000,8000000,0.022,,11361210,5680605,9088968,19,Andy Dalton,NOR,35,QB,14,14,36685,252,378,66.7,2871,18,4.8,9,2.4,135,48.9,64,7.6,7.5,11.4,205.1,95.2,53.1,25,189,6.2,6.66,6.54,1,1,DaltAn00
Jarrett Stidham,Broncos,2023,2,10000000,5000000,5000000,0.022,,11361210,5680605,5680605,49,Jarrett Stidham,LVR,26,QB,5,2,0-2-0,53,83,63.9,656,4,4.8,3,3.6,32,43.3,60,7.9,7.2,12.4,131.2,89.2,59.7,7,47,7.8,6.77,6.16,,,StidJa00
A.J. McCarron,Bills,2018,2,10000000,5000000,6000000,0.028,,14413093,7206546,8647856,60,A.J. McCarron,CIN,27,QB,3,0,,7,14,50,66,0,0,0,0,4,20,27,4.7,4.7,9.4,22,63.4,23.9,1,9,6.7,3.8,3.8,,,McCaA.00
Drew Lock,Giants,2024,1,5000000,5000000,4950000,0.02,,5000000,5000000,4950000,50,Drew Lock,SEA,27,QB,4,2,36526,48,76,63.2,543,3,3.9,3,3.9,20,40.2,51,7.1,6.2,11.3,135.8,81.2,44.1,6,26,7.3,6.3,5.39,1,1,LockDr00
Marcus Mariota,Eagles,2023,1,5000000,5000000,5000000,0.022,,5680605,5680605,5680605,28,Marcus Mariota,ATL,29,QB,13,13,36654,184,300,61.3,2219,15,5,9,3,111,45.1,75,7.4,7,12.1,170.7,88.2,57.7,28,195,8.5,6.17,5.85,2,3,MariMa01
Jacoby Brissett,Dolphins,2021,1,5000000,5000000,5000000,0.027,,6997260,6997260,6997260,89,Jacoby Brissett,IND,28,QB,11,0,,2,8,25,17,0,0,0,0,1,10,13,2.1,2.1,8.5,1.5,39.6,58.3,2,15,20,0.2,0.2,,,BrisJa00
Mason Rudolph,Steelers,2021,1,4985199,4985199,2080000,0.027,,6976547,6976547,2910860,49,Mason Rudolph,PIT,25,QB,5,1,0-1-0,25,43,58.1,324,2,4.7,1,2.3,13,36.4,47,7.5,7.4,13,64.8,87.7,72.7,1,8,2.3,7.18,7.07,,,RudoMa00
Josh McCown,Browns,2015,3,14000000,4666667,6250000,0.033,,24955332,8318445,11140773,28,Josh McCown,TAM,35,QB,11,11,36535,184,327,56.3,2206,11,3.4,14,4.3,100,40.2,56,6.7,5.5,12,200.5,70.5,34.6,36,235,9.9,5.43,4.3,,,McCoJo01
Jacoby Brissett,Browns,2022,1,4650000,4650000,4500000,0.022,,5704179,5704179,5520173,33,Jacoby Brissett,MIA,29,QB,11,5,36559,141,225,62.7,1283,5,2.2,4,1.8,69,46.3,52,5.7,5.3,9.1,116.6,78.1,54.3,19,132,7.8,4.72,4.39,,,BrisJa00
Mark Sanchez,DEN/PHI,2015,2,9000000,4500000,5500000,0.031,,16042714,8021357,9803881,27,Mark Sanchez,PHI,28,QB,9,8,36620,198,309,64.1,2418,14,4.5,11,3.6,119,50.6,72,7.8,7.1,12.2,268.7,88.4,55.3,23,151,6.9,6.83,6.18,,,SancMa00
Joe Flacco,Colts,2024,1,4500000,4500000,4500000,0.018,,4500000,4500000,4500000,33,Joe Flacco,CLE,38,QB,5,5,36617,123,204,60.3,1616,13,6.4,8,3.9,60,46.7,75,7.9,7.4,13.1,323.2,90.2,48.3,8,57,3.8,7.35,6.88,1,1,FlacJo00
Sam Darnold,49ers,2023,1,4500000,4500000,3500000,0.02,,5112544,5112544,3976423,37,Sam Darnold,CAR,25,QB,6,6,36618,82,140,58.6,1143,7,5,3,2.1,57,44,52,8.2,8.2,13.9,190.5,92.6,51.4,10,78,6.7,7.1,7.13,0,1,DarnSa00
Chase Daniel,Lions,2020,3,13050000,4350000,5000000,0.022,,16816196,5605399,6442987,48,Chase Daniel,CHI,33,QB,3,1,0-1-0,45,64,70.3,435,3,4.7,2,3.1,22,50.7,37,6.8,6.3,9.7,145,91.6,59.6,7,48,9.9,5.45,5.03,,,DaniCh00
Nick Foles,Chiefs,2016,2,8500000,4250000,0,0.027,,13981452,6990726,0,29,Nick Foles,STL,26,QB,11,11,36623,190,337,56.4,2052,7,2.1,10,3,85,33,68,6.1,5.2,10.8,186.5,69,28.9,14,98,4,5.57,4.68,1,1,FoleNi00
Brian Hoyer,Colts,2019,3,12000000,4000000,9000000,0.021,,16284803,5428268,12213603,86,Brian Hoyer,NWE,33,QB,5,0,,1,2,50,7,0,0,0,0,0,0,7,3.5,3.5,7,1.4,58.3,0.5,0,0,0,3.5,3.5,,,HoyeBr00
Mike White,Dolphins,2023,2,8000000,4000000,4500000,0.018,,9088968,4544484,5112544,36,Mike White,NYJ,27,QB,4,4,36528,103,175,58.9,1192,3,1.7,4,2.3,56,41.3,60,6.8,6.1,11.6,298,75.7,38.9,9,76,4.9,6.07,5.41,,,WhitMi01
Mike Glennon,Cardinals,2018,2,8000000,4000000,4000000,0.023,,11530474,5765237,5765237,42,Mike Glennon,CHI,28,QB,4,4,36528,93,140,66.4,833,4,2.9,5,3.6,42,41.2,29,6,4.9,9,208.3,76.9,25.1,8,78,5.4,5.1,4.12,0,1,GlenMi00
Matt Schaub,Falcons,2017,1,8000000,4000000,2500000,0.024,,12234731,6117365,3823353,75,Matt Schaub,ATL,35,QB,4,0,,1,3,33.3,16,0,0,0,0,1,33.3,16,5.3,5.3,16,4,52.1,15.1,0,0,0,5.33,5.33,,,SchaMa00
Jameis Winston,Browns,2024,1,4000000,4000000,4000000,0.016,,4000000,4000000,4000000,58,Jameis Winston,NOR,29,QB,7,0,,25,47,53.2,264,2,4.3,3,6.4,10,32.7,30,5.6,3.6,10.6,37.7,57.4,35.6,2,13,4.1,5.12,3.18,,,WinsJa00
Baker Mayfield,Buccaneers,2023,1,4000000,4000000,4000000,0.018,,4544484,4544484,4544484,29,Baker Mayfield,2TM,27,QB,12,10,36564,201,335,60,2163,10,3,8,2.4,94,38,75,6.5,6,10.8,180.3,79,26.3,36,217,9.7,5.25,4.81,1,1,MayfBa00
Jameis Winston,Saints,2023,1,4000000,4000000,4000000,0.018,,4544484,4544484,4544484,41,Jameis Winston,NOR,28,QB,3,3,36527,73,115,63.5,858,4,3.5,5,4.3,35,43.7,51,7.5,6.2,11.8,286,79.5,34.7,11,74,8.7,6.22,5.07,1,1,WinsJa00
A.J. McCarron,Texans,2020,1,4000000,4000000,3750000,0.02,,5154390,5154390,4832240,55,A.J. McCarron,HOU,29,QB,2,1,0-1-0,21,37,56.8,225,0,0,1,2.7,11,42.9,21,6.1,4.9,10.7,112.5,63.5,27.1,5,43,11.9,4.33,3.26,,,McCaA.00
Case Keenum,Bills,2022,1,3500000,3500000,2000000,0.017,,4293468,4293468,2453410,48,Case Keenum,CLE,33,QB,7,2,2-0-0,47,72,65.3,462,3,4.2,1,1.4,25,49.4,34,6.4,6.6,9.8,66,91.3,42.7,5,29,6.5,5.62,5.82,,,KeenCa00
Geno Smith,Seahawks,2022,1,3500000,3500000,500000,0.017,,4293468,4293468,613353,43,Geno Smith,SEA,31,QB,4,3,36527,65,95,68.4,702,5,5.3,1,1.1,31,44.4,84,7.4,8,10.8,175.5,103,51.8,13,117,12,5.42,5.93,,,SmitGe00
Joe Flacco,Jets,2022,1,3500000,3500000,2850000,0.017,,4293468,4293468,3496110,53,Joe Flacco,NYJ,36,QB,2,1,0-1-0,27,42,64.3,338,3,7.1,0,0,14,56.8,62,8,9.5,12.5,169,113,49.5,2,13,4.5,7.39,8.75,,,FlacJo00
Joe Flacco,PHI/NYJ,2021,1,3500000,3500000,3500000,0.019,,4898082,4898082,4898082,42,Joe Flacco,NYJ,35,QB,5,4,0-4-0,74,134,55.2,864,6,4.5,3,2.2,36,41.8,52,6.4,6.3,11.7,172.8,80.6,50.3,7,69,5,5.64,5.53,,,FlacJo00
Marcus Mariota,Raiders,2021,1,3500000,3500000,3500000,0.019,,4898082,4898082,4898082,56,Marcus Mariota,LVR,27,QB,1,0,,17,28,60.7,226,1,3.6,1,3.6,11,46.4,35,8.1,7.2,13.3,226,83.3,97.4,0,0,0,8.07,7.18,,,MariMa01
Chad Henne,Chiefs,2018,2,6700000,3350000,5115000,0.019,,9656772,4828386,7372297,84,Chad Henne,JAX,32,QB,2,0,,0,2,0,0,0,0,0,0,0,0,0,0,0,,0,39.6,3.6,0,0,0,0,0,,,HennCh01
Carson Wentz,Chiefs,2024,1,3325000,3325000,2200000,0.013,,3325000,3325000,2200000,68,Carson Wentz,LAR,31,QB,2,1,1-0-0,17,24,70.8,163,2,8.3,1,4.2,11,57.7,29,6.8,6.6,9.6,81.5,99.8,89.9,2,14,7.7,5.73,5.54,1,1,WentCa00
Ryan Fitzpatrick,Buccaneers,2018,1,3300000,3300000,1300000,0.019,,4756321,4756321,1873702,37,Ryan Fitzpatrick,TAM,35,QB,6,3,36557,96,163,58.9,1103,7,4.3,3,1.8,64,45.9,41,6.8,6.8,11.5,183.8,86,59.1,7,34,4.1,6.29,6.32,0,1,FitzRy00
Colt McCoy,Cardinals,2022,2,7500000,3250000,6000000,0.016,,9200288,3986792,7360231,42,Colt McCoy,ARI,35,QB,8,3,36557,74,99,74.7,740,3,3,1,1,39,51.4,50,7.5,7.6,10,92.5,101.4,60.4,6,40,5.7,6.67,6.81,,,McCoCo00
Drew Stanton,Browns,2018,2,6500000,3250000,4150000,0.018,,9368510,4684255,5981433,40,Drew Stanton,ARI,33,QB,5,4,36586,79,159,49.7,894,6,3.8,5,3.1,49,38,52,5.6,5,11.3,178.8,66.4,39.5,7,40,4.2,5.14,4.51,1,1,StanDr00
Drew Stanton,Cardinals,2016,2,6500000,3250000,4500000,0.021,,10691698,5345849,7401945,59,Drew Stanton,ARI,31,QB,7,0,,11,25,44,104,0,0,2,8,6,37,21,4.2,0.6,9.5,14.9,22.7,10.4,2,8,7.4,3.56,0.22,,,StanDr00
Shaun Hill,Vikings,2015,2,6500000,3250000,3200000,0.023,,11586404,5793202,5704076,34,Shaun Hill,STL,34,QB,9,8,36590,145,229,63.3,1657,8,3.5,7,3.1,82,47,63,7.2,6.6,11.4,184.1,83.9,42.3,18,116,7.3,6.24,5.61,,,HillSh00
Jimmy Garoppolo,Rams,2024,1,3178750,3178750,3178750,0.012,,3178750,3178750,3178750,38,Jimmy Garoppolo,LVR,32,QB,7,6,36588,110,169,65.1,1205,7,4.1,9,5.3,60,47.5,32,7.1,5.6,11,172.1,77.7,33.9,14,101,7.7,6.03,4.58,2,2,GaroJi00
Case Keenum,Texans,2023,2,6250000,3125000,4000000,0.014,,7100756,3550378,4544484,88,Case Keenum,BUF,34,QB,2,0,,2,7,28.6,8,0,0,0,0,0,0,5,1.1,1.1,4,4,39.6,4.7,0,0,0,1.14,1.14,,,KeenCa00
Nick Foles,Colts,2022,2,6200000,3100000,4000000,0.015,,7605572,3802786,4906820,55,Nick Foles,CHI,32,QB,1,1,1-0-0,24,35,68.6,250,1,2.9,0,0,14,46.2,30,7.1,7.7,10.4,250,98.5,51.6,4,21,10.3,5.87,6.38,1,1,FoleNi00
Nate Sudfeld,Eagles,2019,1,3095000,3095000,0,0.016,,4200122,4200122,0,72,Nate Sudfeld,PHI,25,QB,2,0,,1,2,50,22,1,50,0,0,1,50,22,11,21,22,11,129.2,28.9,0,0,0,11,21,0,0,SudfNa00
Colt McCoy,Commanders,2016,3,9000000,3000000,1800000,0.019,,14803890,4934630,2960778,58,Colt McCoy,WAS,29,QB,2,0,,7,11,63.6,128,1,9.1,0,0,4,41.7,71,11.6,13.5,18.3,64,133.9,42.5,1,13,8.3,9.58,11.25,,,McCoCo00
Teddy Bridgewater,Lions,2023,1,3000000,3000000,2550000,0.013,,3408363,3408363,2897109,46,Teddy Bridgewater,MIA,30,QB,5,2,0-2-0,49,79,62,683,4,5.1,4,5.1,32,45.3,64,8.6,7.4,13.9,136.6,85.6,49.5,7,45,8.1,7.42,6.26,,,BridTe00
Andy Dalton,Saints,2022,1,3000000,3000000,3000000,0.014,,3680115,3680115,3680115,32,Andy Dalton,CHI,34,QB,8,6,36588,149,236,63.1,1515,8,3.4,9,3.8,83,42.9,60,6.4,5.4,10.2,189.4,76.9,39.2,18,143,7.1,5.4,4.44,1,1,DaltAn00
Andy Dalton,Cowboys,2020,1,3000000,3000000,3000000,0.015,,3865792,3865792,3865792,18,Andy Dalton,CIN,32,QB,13,13,36567,314,528,59.5,3494,16,3,14,2.7,170,42.7,66,6.6,6,11.1,268.8,78.3,42.1,37,249,6.5,5.74,5.19,,,DaltAn00
A.J. McCarron,Texans,2019,1,3000000,3000000,2500000,0.016,,4071201,4071201,3392667,82,A.J. McCarron,OAK,28,QB,2,0,,1,3,33.3,8,0,0,0,0,0,0,8,2.7,2.7,8,4,42.4,0.4,1,7,25,0.25,0.25,,,McCaA.00
Ryan Fitzpatrick,Buccaneers,2017,1,3000000,3000000,1250000,0.018,,4588024,4588024,1911677,28,Ryan Fitzpatrick,NYJ,34,QB,14,11,36593,228,403,56.6,2710,12,3,17,4.2,130,41.9,57,6.7,5.4,11.9,193.6,69.6,39.2,19,81,4.5,6.23,4.99,,,FitzRy00
Matt Hasselbeck,Colts,2015,1,3000000,3000000,1000000,0.021,,5347571,5347571,1782524,50,Matt Hasselbeck,IND,39,QB,4,0,,30,44,68.2,301,2,4.5,0,0,17,47.8,32,6.8,7.8,10,75.3,102.6,58.8,2,7,4.3,6.39,7.26,,,HassMa00
Mason Rudolph,Titans,2024,1,2870000,2870000,2700000,0.011,,2870000,2870000,2700000,46,Mason Rudolph,PIT,28,QB,4,3,3-0-0,55,74,74.3,719,3,4.1,0,0,26,47.5,86,9.7,10.5,13.1,179.8,118,70.6,6,43,7.5,8.45,9.2,0,1,RudoMa00
Easton Stick,Chargers,2024,1,2667500,2667500,1417500,0.01,,2667500,2667500,1417500,39,Easton Stick,LAC,28,QB,5,4,0-4-0,111,174,63.8,1129,3,1.7,1,0.6,53,43.1,79,6.5,6.6,10.2,225.8,85.6,51,14,122,7.4,5.36,5.44,,,SticEa00
Tyler Huntley,Ravens,2023,1,2627000,2627000,0,0.012,,2984590,2984590,0,48,Tyler Huntley,BAL,24,QB,6,4,36558,75,112,67,658,2,1.8,3,2.7,31,42.9,40,5.9,5,8.8,109.7,77.2,43,7,34,5.9,5.24,4.45,1,1,HuntTy01
Mitchell Trubisky,Bills,2024,2,5250000,2625000,3710000,0.01,,5250000,2625000,3710000,48,Mitchell Trubisky,PIT,29,QB,5,2,0-2-0,67,107,62.6,632,4,3.7,5,4.7,36,50,26,5.9,4.6,9.4,126.4,71.9,34.6,7,42,6.1,5.18,3.9,,,TrubMi00
Matt Cassel,Titans,2017,2,5250000,2625000,500000,0.016,,8029042,4014521,764671,48,Matt Cassel,TEN,34,QB,4,1,1-0-0,30,51,58.8,284,2,3.9,2,3.9,16,39.3,50,5.6,4.6,9.5,71,71,66.6,5,23,8.9,4.66,3.77,,,CassMa00
Matt Moore,Dolphins,2015,1,2600000,2600000,1600000,0.018,,4634562,4634562,2852038,74,Matt Moore,MIA,30,QB,2,0,,2,4,50,21,0,0,0,0,2,50,14,5.3,5.3,10.5,10.5,65.6,89.5,0,0,0,5.25,5.25,,,MoorMa01
Matt McGloin,Raiders,2016,1,2553000,2553000,0,0.016,,4199370,4199370,0,57,Matt McGloin,OAK,26,QB,2,0,,23,32,71.9,142,2,6.3,1,3.1,10,55.9,14,4.4,4.3,6.2,71,88.3,40.1,2,20,5.9,3.59,3.44,,,McGlMa01
Mike White,Jets,2022,1,2540000,2540000,0,0.012,,3115831,3115831,0,39,Mike White,NYJ,26,QB,4,3,36527,88,132,66.7,953,5,3.8,8,6.1,49,53.7,28,7.2,5.3,10.8,238.3,75.1,56.5,4,18,2.9,6.88,4.96,1,1,WhitMi01
Taylor Heinicke,Falcons,2024,1,2530000,2530000,1320000,0.01,,2530000,2530000,1320000,43,Taylor Heinicke,ATL,30,QB,5,4,36528,74,136,54.4,890,5,3.7,4,2.9,41,40.3,75,6.5,6,12,178,74.7,47.7,8,47,5.6,5.85,5.3,,,HeinTa00
Cooper Rush,Cowboys,2023,2,5000000,2500000,2750000,0.011,,5680605,2840302,3124333,40,Cooper Rush,DAL,29,QB,9,5,36617,94,162,58,1051,5,3.1,3,1.9,52,38.5,46,6.5,6.3,11.2,116.8,80,60.8,7,49,4.1,5.93,5.72,0,2,RushCo00
C.J. Beathard,Jaguars,2021,2,5000000,2500000,2750000,0.014,,6997260,3498630,3848493,43,C.J. Beathard,SFO,27,QB,6,2,36526,66,104,63.5,787,6,5.8,0,0,42,46.9,49,7.6,8.7,11.9,131.2,105.7,46,9,71,8,6.34,7.4,,,BeatC.00
Jeff Driskel,Broncos,2020,2,5000000,2500000,2500000,0.013,,6442987,3221493,3221493,41,Jeff Driskel,DET,26,QB,3,3,0-3-0,62,105,59,685,4,3.8,4,3.8,31,37.9,47,6.5,5.6,11,228.3,75.3,49.9,11,46,9.5,5.51,4.65,,,DrisJe00
Kyle Allen,Texans,2022,1,2500000,2500000,2250000,0.012,,3066763,3066763,2760086,63,Kyle Allen,WAS,25,QB,2,0,,12,19,63.2,120,1,5.3,0,0,6,42.9,19,6.3,7.4,10,60,98.6,29.3,2,5,9.5,5.48,6.43,,,AlleKy00
Mitchell Trubisky,Bills,2021,1,2500000,2500000,2000000,0.014,,3498630,3498630,2798904,31,Mitchell Trubisky,CHI,26,QB,10,9,36680,199,297,67,2055,16,5.4,8,2.7,124,53.7,53,6.9,6.8,10.3,205.5,93.5,53.8,18,125,5.7,6.13,6,1,1,TrubMi00
Taylor Heinicke,Commanders,2021,2,4750000,2375000,1500000,0.013,,6647397,3323699,2099178,62,Taylor Heinicke,WAS,27,QB,1,0,,12,19,63.2,137,1,5.3,0,0,6,55,29,7.2,8.3,11.4,137,102.3,40.7,1,7,5,6.5,7.5,,,HeinTa00
Brian Hoyer,Raiders,2023,2,4500000,2250000,4205000,0.01,,5112544,2556272,4777389,75,Brian Hoyer,NWE,37,QB,1,1,0-1-0,5,6,83.3,37,0,0,0,0,2,42.9,27,6.2,6.2,7.4,37,92.4,28.4,1,8,14.3,4.14,4.14,,,HoyeBr00
C.J. Beathard,Jaguars,2023,2,4500000,2250000,2000000,0.01,,5112544,2556272,2272242,76,C.J. Beathard,JAX,29,QB,4,0,,7,11,63.6,35,0,0,1,9.1,2,33.3,11,3.2,-0.9,5,8.8,30.5,22.9,1,5,8.3,2.5,-1.25,,,BeatC.00
Derek Anderson,Panthers,2015,2,4500000,2250000,1500000,0.016,,8021357,4010678,2673786,42,Derek Anderson,CAR,31,QB,6,2,2-0-0,65,97,67,701,5,5.2,0,0,44,53.5,35,7.2,8.3,10.8,116.8,105.2,71.4,4,17,4,6.77,7.76,,,AndeDe00
Joshua Dobbs,49ers,2024,1,2250000,2250000,2250000,0.009,,2250000,2250000,2250000,23,Joshua Dobbs,2TM,28,QB,13,12,36594,262,417,62.8,2464,13,3.1,10,2.4,126,41.6,69,5.9,5.5,9.4,189.5,79.5,51.8,30,217,6.7,5.03,4.6,0,0,DobbJo00
Blaine Gabbert,Buccaneers,2022,1,2250000,2250000,1750000,0.011,,2760086,2760086,2146734,67,Blaine Gabbert,TAM,32,QB,6,0,,7,11,63.6,67,0,0,0,0,4,41.7,23,6.1,6.1,9.6,11.2,80.5,36.6,1,10,8.3,4.75,4.75,,,GabbBl00
Colt McCoy,Giants,2020,1,2250000,2250000,1700000,0.011,,2899344,2899344,2190616,57,Colt McCoy,WAS,33,QB,1,1,0-1-0,18,27,66.7,122,0,0,1,3.7,5,30.3,22,4.5,2.9,6.8,122,61,14.9,6,44,18.2,2.36,1,,,McCoCo00
Landry Jones,Steelers,2017,2,4400000,2200000,600000,0.013,,6729102,3364551,917605,41,Landry Jones,PIT,27,QB,8,2,36526,53,86,61.6,558,4,4.7,2,2.3,27,38.9,51,6.5,6.4,10.5,69.8,86.3,40.8,4,34,4.4,5.82,5.71,1,1,JoneLa02
Nick Mullens,Vikings,2023,2,4000000,2000000,1922500,0.009,,4544484,2272242,2184193,62,Nick Mullens,MIN,27,QB,4,0,,21,25,84,224,1,4,1,4,11,76,37,9,8,10.7,56,100.7,58.3,0,0,0,8.96,7.96,,,MullNi00
Brian Hoyer,Patriots,2022,2,4000000,2000000,3000000,0.01,,4906820,2453410,3680115,56,Brian Hoyer,NWE,36,QB,5,0,,9,11,81.8,227,1,9.1,0,0,8,81.8,48,20.6,22.5,25.2,45.4,149.1,97.9,0,0,0,20.64,22.45,,,HoyeBr00
Trevor Siemian,Bears,2022,2,4000000,2000000,3035000,0.01,,4906820,2453410,3723050,35,Trevor Siemian,NOR,30,QB,6,4,0-4-0,108,188,57.4,1154,11,5.9,3,1.6,61,41.1,46,6.1,6.6,10.7,192.3,88.4,41.3,9,64,4.6,5.53,5.96,1,1,SiemTr00
Robert Griffin III,Ravens,2019,2,4000000,2000000,2000000,0.011,,5428268,2714134,2714134,73,Robert Griffin III,BAL,28,QB,3,0,,2,6,33.3,21,0,0,0,0,1,33.3,14,3.5,3.5,10.5,7,44.4,2,0,0,0,3.5,3.5,,,GrifRo01
Blaine Gabbert,Titans,2018,2,4000000,2000000,1000000,0.011,,5765237,2882619,1441309,39,Blaine Gabbert,ARI,28,QB,5,5,36559,95,171,55.6,1086,6,3.5,6,3.5,55,39.2,52,6.4,5.5,11.4,217.2,71.9,33.2,23,149,11.9,4.83,4.06,2,2,GabbBl00
Brandon Weeden,Texans,2016,2,4000000,2000000,450000,0.013,,6579507,3289753,740194,38,Brandon Weeden,2TM,32,QB,6,4,36528,97,140,69.3,1043,5,3.6,2,1.4,106,46,67,7.5,7.5,10.8,173.8,96.8,53.2,10,77,6.7,6.44,6.51,1,1,WeedBr00
Blaine Gabbert,49ers,2015,2,4000000,2000000,500000,0.014,,7130095,3565047,891262,68,Blaine Gabbert,SFO,25,QB,1,0,,3,7,42.9,38,1,14.3,0,0,2,42.9,20,5.4,8.3,12.7,38,100,91.5,0,0,0,5.43,8.29,,,GabbBl00
Joshua Dobbs,Browns,2023,1,2000000,2000000,2000000,0.009,,2272242,2272242,2272242,55,Joshua Dobbs,TEN,27,QB,2,2,0-2-0,40,68,58.8,411,2,2.9,2,2.9,25,39.2,39,6,5.3,10.3,205.5,73.8,52.8,6,26,8.1,5.2,4.53,,,DobbJo00
Chad Henne,Chiefs,2022,1,2000000,2000000,2000000,0.01,,2453410,2453410,2453410,65,Chad Henne,KAN,36,QB,4,0,,11,16,68.8,82,0,0,0,0,6,62.5,17,5.1,5.1,7.5,20.5,80.7,74.1,0,0,0,5.13,5.13,,,HennCh01
Nick Mullens,Raiders,2022,1,2000000,2000000,1000000,0.01,,2453410,2453410,1226705,61,Nick Mullens,CLE,26,QB,1,1,0-1-0,20,30,66.7,147,1,3.3,0,0,9,40,25,4.9,5.6,7.4,147,89.2,81.5,0,0,0,4.9,5.57,,,MullNi00
Blaine Gabbert,Buccaneers,2021,1,2000000,2000000,1500000,0.011,,2798904,2798904,2099178,61,Blaine Gabbert,TAM,31,QB,4,0,,9,16,56.3,143,2,12.5,0,0,5,41.2,35,8.9,11.4,15.9,35.8,125.8,53.1,1,7,5.9,8,10.35,,,GabbBl00
Josh McCown,Eagles,2019,1,2000000,2000000,2000000,0.011,,2714134,2714134,2714134,43,Josh McCown,NYJ,39,QB,4,3,0-3-0,60,110,54.5,539,1,0.9,4,3.6,27,38.5,41,4.9,3.4,9,134.8,55.8,33.8,7,35,6,4.31,2.94,,,McCoJo01
Case Keenum,Vikings,2017,1,2000000,2000000,250000,0.012,,3058683,3058683,382335,30,Case Keenum,LAR,28,QB,10,9,36621,196,322,60.9,2201,9,2.8,11,3.4,103,40.6,65,6.8,5.9,11.2,220.1,76.4,37.5,23,140,6.7,5.97,5.06,1,2,KeenCa00
Mark Sanchez,Bears,2017,1,2000000,2000000,1000000,0.012,,3058683,3058683,1529341,59,Mark Sanchez,DAL,30,QB,2,0,,10,18,55.6,93,0,0,2,11.1,5,28.6,33,5.2,0.2,9.3,46.5,30.3,4.2,3,25,14.3,3.24,-1.05,,,SancMa00
Ryan Mallett,Ravens,2017,1,2000000,2000000,1000000,0.012,,3058683,3058683,1529341,68,Ryan Mallett,BAL,28,QB,4,0,,3,6,50,26,0,0,1,16.7,1,33.3,12,4.3,-3.2,8.7,6.5,22.2,3.7,0,0,0,4.33,-3.17,,,MallRy00
Brian Hoyer,Bears,2016,1,2000000,2000000,750000,0.013,,3289753,3289753,1233657,26,Brian Hoyer,HOU,30,QB,11,9,36650,224,369,60.7,2606,19,5.1,7,1.9,130,46.7,49,7.1,7.2,11.6,236.9,91.4,52.8,25,185,6.3,6.14,6.31,1,1,HoyeBr00
Mark Sanchez,Cowboys,2016,1,2000000,2000000,0,0.013,,3289753,3289753,0,45,Mark Sanchez,PHI,29,QB,4,2,0-2-0,59,91,64.8,616,4,4.4,4,4.4,30,45,43,6.8,5.7,10.4,154,80.7,28.1,9,54,9,5.62,4.62,,,SancMa00
Matt Cassel,Titans,2016,1,2000000,2000000,750000,0.013,,3289753,3289753,1233657,37,Matt Cassel,2TM,33,QB,9,8,36562,119,204,58.3,1276,5,2.5,7,3.4,108,38.5,51,6.3,5.2,10.7,141.8,70.6,34.1,14,86,6.4,5.46,4.47,1,1,CassMa00
Charlie Whitehurst,Colts,2015,1,2000000,2000000,0,0.014,,3565047,3565047,0,38,Charlie Whitehurst,TEN,32,QB,7,5,36529,105,185,56.8,1326,7,3.8,2,1.1,55,38.4,75,7.2,7.4,12.6,189.4,87.4,43.4,18,103,8.9,6.02,6.27,,,WhitCh02
Matt Cassel,BUF/DAL,2015,1,2000000,2000000,0,0.014,,3565047,3565047,0,47,Matt Cassel,MIN,32,QB,3,3,36527,41,71,57.7,425,3,4.2,4,5.6,21,39,28,6,4.3,10.4,141.7,65.8,43,6,39,7.8,5.01,3.45,,,CassMa00
Matt Schaub,Ravens,2015,1,2000000,2000000,2000000,0.014,,3565047,3565047,3565047,65,Matt Schaub,OAK,33,QB,11,0,,5,10,50,57,0,0,2,20,4,38.5,16,5.7,-3.3,11.4,5.2,27.9,0,3,24,23.1,2.54,-4.38,,,SchaMa00
Mike Glennon,Raiders,2019,1,1950000,1950000,1400000,0.01,,2646281,2646281,1899894,54,Mike Glennon,ARI,29,QB,2,0,,15,21,71.4,174,1,4.8,0,0,8,50,26,8.3,9.2,11.6,87,112,75,1,8,4.5,7.55,8.45,,,GlenMi00
Matt Schaub,Falcons,2019,2,3780000,1890000,750000,0.01,,5129713,2564857,1017800,76,Matt Schaub,ATL,37,QB,3,0,,5,7,71.4,20,0,0,0,0,1,28.6,9,2.9,2.9,4,6.7,74.1,63.2,0,0,0,2.86,2.86,,,SchaMa00
Matt Moore,Dolphins,2016,2,3550000,1775000,2250000,0.011,,5839312,2919656,3700972,72,Matt Moore,MIA,31,QB,1,0,,1,1,100,14,0,0,0,0,1,100,14,14,14,14,14,118.7,98.8,0,0,0,14,14,,,MoorMa01
Scott Tolzien,Colts,2016,2,3500000,1750000,500000,0.011,,5757068,2878534,822438,79,Scott Tolzien,GNB,28,QB,3,0,,1,1,100,4,0,0,0,0,0,0,4,4,4,4,1.3,83.3,0.1,1,8,50,-2,-2,,,TolzSc00
Cam Newton,Patriots,2020,1,1750000,1750000,550000,0.009,,2255045,2255045,708729,44,Cam Newton,CAR,30,QB,2,2,0-2-0,50,89,56.2,572,0,0,1,1.1,29,43.2,44,6.4,5.9,11.4,286,71,22.5,6,43,6.3,5.57,5.09,,,NewtCa00
Matt Schaub,Falcons,2016,1,1750000,1750000,500000,0.011,,2878534,2878534,822438,48,Matt Schaub,BAL,34,QB,2,2,36526,52,80,65,540,3,3.8,4,5,28,47,48,6.8,5.3,10.4,270,76,40.8,3,27,3.6,6.18,4.73,0,0,SchaMa00
Brian Hoyer,Patriots,2017,3,4815000,1605000,1510000,0.01,,7363778,2454593,2309305,32,Brian Hoyer,CHI,31,QB,6,5,36529,134,200,67,1445,6,3,0,0,75,50.5,64,7.2,7.8,10.8,240.8,98,55.1,4,18,2,7,7.58,,,HoyeBr00
Blaine Gabbert,Buccaneers,2019,1,1600000,1600000,500000,0.009,,2171307,2171307,678533,41,Blaine Gabbert,TEN,29,QB,8,3,36557,61,101,60.4,626,4,4,4,4,32,39.6,35,6.2,5.2,10.3,78.3,74.9,27,5,37,4.7,5.56,4.61,2,2,GabbBl00
Austin Davis,Rams,2015,1,1542000,1542000,0,0.011,,2748652,2748652,0,30,Austin Davis,STL,25,QB,10,8,36590,180,284,63.4,2001,12,4.2,9,3.2,106,46.6,59,7,6.5,11.1,200.1,85.1,44.8,29,179,9.3,5.82,5.29,1,2,DaviAu00
Luke McCown,Saints,2016,2,3000000,1500000,500000,0.01,,4934630,2467315,822438,52,Luke McCown,NOR,34,QB,8,1,0-1-0,32,39,82.1,335,0,0,1,2.6,19,60,25,8.6,7.4,10.5,41.9,91.8,92.4,1,0,2.5,8.38,7.25,,,McCoLu00
Brandon Allen,Bengals,2021,1,1500000,1500000,300000,0.008,,2099178,2099178,419836,41,Brandon Allen,CIN,28,QB,5,5,36529,90,142,63.4,925,5,3.5,4,2.8,42,45.6,72,6.5,6,10.3,185,82,37.5,7,51,4.7,5.87,5.33,1,1,AlleBr00
Joe Flacco,Jets,2020,1,1500000,1500000,550000,0.008,,1932896,1932896,708729,30,Joe Flacco,DEN,34,QB,8,8,36562,171,262,65.3,1822,6,2.3,5,1.9,86,42,70,7,6.6,10.7,227.8,85.1,50.8,26,194,9,5.65,5.29,,,FlacJo00
Colt McCoy,Commanders,2015,1,1500000,1500000,150000,0.01,,2673786,2673786,267379,39,Colt McCoy,WAS,28,QB,5,4,36528,91,128,71.1,1057,4,3.1,3,2.3,44,42.1,70,8.3,7.8,11.6,211.4,96.4,40,17,117,11.7,6.48,6.1,1,2,McCoCo00
Tarvaris Jackson,Seahawks,2015,1,1500000,1500000,1500000,0.01,,2673786,2673786,2673786,91,Tarvaris Jackson,SEA,31,QB,1,0,,1,1,100,0,0,0,0,0,0,0,0,0,0,0,0,79.2,41.1,0,0,0,0,0,,,JackTa00
Mike Glennon,Giants,2021,1,1375000,1375000,450000,0.008,,1924247,1924247,629753,38,Mike Glennon,JAX,31,QB,5,5,0-5-0,111,179,62,1072,7,3.9,5,2.8,57,43.1,46,6,5.5,9.7,214.4,80.1,29.8,9,53,4.8,5.42,4.97,,,GlenMi00
Blaine Gabbert,Chiefs,2023,1,1317500,1317500,1092500,0.006,,1496839,1496839,1241212,80,Blaine Gabbert,TAM,33,QB,1,0,,6,8,75,29,1,12.5,0,0,2,37.5,13,3.6,6.1,4.8,29,119.3,59.9,0,0,0,3.63,6.13,,,GabbBl00
Carson Wentz,Rams,2023,1,1315000,1315000,150000,0.006,,1493999,1493999,170418,32,Carson Wentz,WAS,30,QB,8,7,36561,172,276,62.3,1755,11,4,9,3.3,85,42.4,75,6.4,5.7,10.2,219.4,80.2,34.4,26,159,8.6,5.28,4.67,2,2,WentCa00
Tyler Huntley,Browns,2024,1,1292500,1292500,469900,0.005,,1292500,1292500,469900,61,Tyler Huntley,BAL,25,QB,5,1,0-1-0,21,37,56.8,203,3,8.1,0,0,13,41.5,27,5.5,7.1,9.7,40.6,99.3,56.7,4,28,9.8,4.27,5.73,,,HuntTy01
Austin Davis,Broncos,2016,1,1250000,1250000,100000,0.008,,2056096,2056096,164488,47,Austin Davis,CLE,26,QB,3,2,0-2-0,56,94,59.6,547,1,1.1,3,3.2,25,41,42,5.8,4.6,9.8,182.3,66.2,33.6,11,96,10.5,4.3,3.2,,,DaviAu00
Brandon Allen,49ers,2023,1,1232500,1232500,200000,0.005,,1400269,1400269,227224,83,Brandon Allen,CIN,30,QB,1,0,,3,3,100,22,0,0,0,0,1,25,13,7.3,7.3,7.3,22,97.2,46.5,1,0,25,5.5,5.5,,,AlleBr00
Kyle Allen,Bills,2023,1,1232500,1232500,350000,0.005,,1400269,1400269,397642,53,Kyle Allen,HOU,26,QB,2,2,0-2-0,46,78,59,416,2,2.6,4,5.1,19,33.7,39,5.3,3.5,9,208,60.6,3.7,5,41,6,4.52,2.83,,,AlleKy00
A.J. McCarron,Falcons,2021,1,1212500,1212500,137500,0.007,,1696836,1696836,192425,85,A.J. McCarron,HOU,30,QB,2,0,,1,1,100,20,0,0,0,0,1,0,20,20,20,20,10,118.7,0,1,12,50,4,4,,,McCaA.00
Colt McCoy,Cardinals,2021,1,1212500,1212500,137500,0.007,,1696836,1696836,192425,47,Colt McCoy,NYG,34,QB,4,2,36526,40,66,60.6,375,1,1.5,1,1.5,19,36.6,35,5.7,5.3,9.4,93.8,75,29.7,5,24,7,4.94,4.59,,,McCoCo00
Geno Smith,Seahawks,2021,1,1212500,1212500,137500,0.007,,1696836,1696836,192425,75,Geno Smith,SEA,30,QB,1,0,,4,5,80,33,0,0,0,0,3,50,14,6.6,6.6,8.3,33,94.2,3.9,1,3,16.7,5,5,,,SmitGe00
Russell Wilson,Steelers,2024,1,1210000,1210000,1210000,0.005,,1210000,1210000,1210000,19,Russell Wilson,DEN,35,QB,15,15,36715,297,447,66.4,3070,26,5.8,8,1.8,135,43.3,60,6.9,7.2,10.3,204.7,98,50.7,45,258,9.1,5.72,6.04,4,4,WilsRu00
Brandon Allen,Bengals,2022,1,1200000,1200000,0,0.006,,1472046,1472046,0,60,Brandon Allen,CIN,29,QB,6,1,0-1-0,17,34,50,149,2,5.9,0,0,5,21.1,26,4.4,5.6,8.8,24.8,81.6,10.4,4,33,10.5,3.05,4.11,0,1,AlleBr00
Geno Smith,Giants,2017,1,1200000,1200000,300000,0.007,,1835210,1835210,458802,56,Geno Smith,NYJ,26,QB,2,1,1-0-0,8,14,57.1,126,1,7.1,1,7.1,3,41.2,69,9,7.2,15.8,63,81.2,26.2,3,19,17.6,6.29,4.82,,,SmitGe00
Josh Johnson,Ravens,2023,1,1165000,1165000,0,0.005,,1323581,1323581,0,87,Josh Johnson,SFO,36,QB,2,0,,1,2,50,10,0,0,0,0,1,50,10,5,5,10,5,64.6,21.9,0,0,0,5,5,,,JohnJo05
Tim Boyle,Texans,2024,1,1150000,1150000,0,0.005,,1150000,1150000,0,54,Tim Boyle,NYJ,29,QB,3,2,0-2-0,48,77,62.3,360,1,1.3,4,5.2,16,29.1,36,4.7,2.6,7.5,120,56.2,10.9,9,64,10.5,3.44,1.58,,,BoylTi00
Brett Rypien,Bears,2024,1,1125000,1125000,0,0.004,,1125000,1125000,0,64,Brett Rypien,LAR,27,QB,2,1,0-1-0,18,38,47.4,172,0,0,1,2.6,8,25,34,4.5,3.3,9.6,86,49.5,19.9,2,18,5,3.85,2.73,,,RypiBr00
Jeff Driskel,Commanders,2024,1,1125000,1125000,0,0.004,,1125000,1125000,0,66,Jeff Driskel,CLE,30,QB,1,1,0-1-0,13,26,50,166,2,7.7,2,7.7,8,34.5,31,6.4,4.5,12.8,166,63.9,4.1,3,26,10.3,4.83,3.1,,,DrisJe00
Logan Woodside,Bengals,2024,1,1125000,1125000,0,0.004,,1125000,1125000,0,78,Logan Woodside,ATL,28,QB,1,0,,3,4,75,27,0,0,1,25,3,60,12,6.8,-4.5,9,27,53.1,4.4,1,7,20,4,-5,,,WoodLo00
Jimmy Clausen,Ravens,2015,1,1125000,1125000,262500,0.008,,2005339,2005339,467912,51,Jimmy Clausen,CHI,27,QB,4,1,0-1-0,26,48,54.2,223,2,4.2,1,2.1,13,33.3,22,4.6,4.5,8.6,55.8,71.8,47.2,3,20,5.9,3.98,3.88,,,ClauJi00
Ryan Mallett,Ravens,2015,2,2245000,1122500,0,0.008,,4001766,2000883,0,48,Ryan Mallett,HOU,26,QB,3,2,36526,41,75,54.7,400,2,2.7,2,2.7,23,43.4,41,5.3,4.7,9.8,133.3,67.6,50.1,1,5,1.3,5.2,4.54,,,MallRy00
Derek Anderson,Bills,2019,1,1120000,1120000,90000,0.006,,1519915,1519915,122136,46,Derek Anderson,BUF,35,QB,2,2,0-2-0,42,70,60,465,0,0,4,5.7,22,38.7,40,6.6,4.1,11.1,232.5,56,26.6,5,33,6.7,5.76,3.36,,,AndeDe00
Matt Cassel,Lions,2018,1,1105000,1105000,0,0.006,,1592647,1592647,0,56,Matt Cassel,TEN,35,QB,2,1,0-1-0,25,42,59.5,162,1,2.4,2,4.8,10,34,17,3.9,2.2,6.5,81,55.9,14.8,8,30,16,2.64,1.24,,,CassMa00
Jameis Winston,Saints,2020,1,1100000,1100000,1100000,0.006,,1417457,1417457,1417457,1,Jameis Winston,TAM,25,QB,16,16,36716,380,626,60.7,5109,33,5.3,30,4.8,243,46.7,71,8.2,7.1,13.4,319.3,84.3,55.7,47,282,7,7.17,6.15,2,2,WinsJa00
Chase Daniel,Chargers,2021,1,1075000,1075000,0,0.006,,1504411,1504411,0,51,Chase Daniel,DET,34,QB,4,0,,29,43,67.4,264,1,2.3,2,4.7,14,45.7,28,6.1,4.5,9.1,66,72.2,15.9,3,29,6.5,5.11,3.59,,,DaniCh00
Derek Anderson,Bills,2018,1,1073530,1073530,58530,0.006,,1547289,1547289,84360,74,Derek Anderson,CAR,34,QB,3,0,,2,8,25,17,0,0,0,0,1,25,9,2.1,2.1,8.5,5.7,39.6,0.2,0,0,0,2.13,2.13,,,AndeDe00
Dan Orlovsky,Lions,2016,1,1065000,1065000,160000,0.007,,1751794,1751794,263180,54,Dan Orlovsky,DET,32,QB,2,0,,22,40,55,201,1,2.5,1,2.5,13,42.5,23,5,4.4,9.1,100.5,66.8,61.6,0,0,0,5.03,4.4,,,OrloDa00
Brian Hoyer,Patriots,2020,1,1050000,1050000,0,0.005,,1353027,1353027,0,50,Brian Hoyer,IND,34,QB,4,1,0-1-0,35,65,53.8,372,4,6.2,4,6.2,22,38.6,23,5.7,4.2,10.6,93,65.7,17.4,5,47,7.1,4.64,3.21,,,HoyeBr00
Brett Hundley,Cardinals,2020,1,1047500,1047500,887500,0.005,,1349806,1349806,1143630,60,Brett Hundley,ARI,26,QB,3,0,,5,11,45.5,49,0,0,0,0,2,23.1,28,4.5,4.5,9.8,16.3,58.5,80.6,2,11,15.4,2.92,2.92,,,HundBr00
Sean Mannion,Vikings,2020,1,1047500,1047500,137500,0.005,,1349806,1349806,177182,56,Sean Mannion,MIN,27,QB,3,1,0-1-0,12,21,57.1,126,0,0,2,9.5,6,52.4,35,6,1.7,10.5,42,35.1,26.4,0,0,0,6,1.71,,,MannSe00
Joshua Dobbs,Steelers,2021,1,1040000,1040000,50000,0.006,,1455430,1455430,69973,101,Joshua Dobbs,PIT,25,QB,1,0,,4,5,80,2,0,0,0,0,0,0,3,0.4,0.4,0.5,2,79.2,48.7,0,0,0,0.4,0.4,,,DobbJo00
Josh Johnson,Lions,2019,1,1030000,1030000,0,0.005,,1397779,1397779,0,42,Josh Johnson,WAS,32,QB,4,3,36527,52,91,57.1,590,3,3.3,4,4.4,29,42,79,6.5,5.2,11.3,147.5,69.4,47.4,9,67,9,5.23,4.03,1,1,JohnJo05
Chris Streveler,Jets,2023,1,1010000,1010000,0,0.004,,1147482,1147482,0,71,Chris Streveler,NYJ,27,QB,2,1,,10,15,66.7,90,0,0,0,0,5,53.3,30,6,6,9,45,82.6,73.9,0,0,0,6,6,,,StreCh00
Blake Bortles,Rams,2019,1,1000000,1000000,1000000,0.005,,1357067,1357067,1357067,24,Blake Bortles,JAX,26,QB,13,12,36594,243,403,60.3,2718,13,3.2,11,2.7,126,44.7,80,6.7,6.2,11.2,209.1,79.8,43.4,31,173,7.1,5.86,5.32,0,1,BortBl00
Geno Smith,Chargers,2018,1,1000000,1000000,200000,0.006,,1441309,1441309,288262,54,Geno Smith,NYG,27,QB,2,1,0-1-0,21,36,58.3,212,1,2.8,0,0,8,38.5,47,5.9,6.4,10.1,106,84.5,39.8,3,12,7.7,5.13,5.64,,,SmitGe00
Kellen Clemens,Chargers,2017,1,1000000,1000000,0,0.006,,1529341,1529341,0,85,Kellen Clemens,SDG,33,QB,12,0,,0,1,0,0,0,0,0,0,0,0,0,0,0,,0,39.6,0.1,0,0,0,0,0,,,ClemKe00
Charlie Whitehurst,Browns,2016,1,1000000,1000000,0,0.006,,1644877,1644877,0,55,Charlie Whitehurst,IND,33,QB,4,0,,16,32,50,150,0,0,1,3.1,9,37.8,33,4.7,3.3,9.4,37.5,50.3,,5,28,13.5,3.3,2.08,,,WhitCh02
Jake Browning,Bengals,2024,2,1945000,972500,0,0.004,,1945000,972500,0,30,Jake Browning,CIN,27,QB,9,7,36619,171,243,70.4,1936,12,4.9,7,2.9,93,48.3,80,8,7.7,11.3,215.1,98.4,60.1,24,169,9,6.62,6.34,2,2,BrowJa08
Michael Vick,Steelers,2015,1,970000,970000,0,0.007,,1729048,1729048,0,43,Michael Vick,NYJ,34,QB,10,3,36527,64,121,52.9,604,3,2.5,2,1.7,33,35,67,5,4.7,9.4,60.4,68.3,21.4,19,85,13.6,3.71,3.49,,,VickMi00
Brett Rypien,Broncos,2022,1,965000,965000,0,0.005,,1183770,1183770,0,112,Brett Rypien,DEN,25,QB,1,0,,0,2,0,0,0,0,0,0,0,0,0,0,0,,0,39.6,1.4,0,0,0,0,0,,,RypiBr00
Joe Webb,Texans,2018,1,915000,915000,0,0.005,,1318798,1318798,0,67,Joe Webb,BUF,31,QB,16,0,,2,7,28.6,35,0,0,1,14.3,1,14.3,34,5,-1.4,17.5,2.2,8.3,59.3,0,0,0,5,-1.43,0,1,WebbJo00
Chase Daniel,Saints,2017,1,900000,900000,900000,0.005,,1376407,1376407,1376407,73,Chase Daniel,PHI,30,QB,1,0,,1,1,100,16,0,0,0,0,1,100,16,16,16,16,16,118.7,99.5,0,0,0,16,16,,,DaniCh00
John Wolford,Rams,2022,1,895000,895000,0,0.004,,1097901,1097901,0,89,John Wolford,LAR,26,QB,3,0,,1,4,25,5,0,0,1,25,0,0,5,1.3,-10,5,1.7,0,0.1,1,8,20,-0.6,-9.6,,,WolfJo00
Tyler Huntley,Ravens,2022,1,895000,895000,0,0.004,,1097901,1097901,0,36,Tyler Huntley,BAL,23,QB,7,4,36528,122,188,64.9,1081,3,1.6,4,2.1,55,41.3,43,5.8,5.1,8.9,154.4,76.6,55,18,107,8.7,4.73,4.15,1,1,HuntTy01
Sean Mannion,Vikings,2019,1,895000,895000,90000,0.005,,1214575,1214575,122136,71,Sean Mannion,LAR,26,QB,3,0,,2,3,66.7,23,0,0,0,0,1,33.3,18,7.7,7.7,11.5,7.7,89.6,5.8,0,0,0,7.67,7.67,,,MannSe00
Brock Osweiler,Dolphins,2018,1,880000,880000,630000,0.005,,1268352,1268352,908025,38,Brock Osweiler,DEN,27,QB,6,4,0-4-0,96,172,55.8,1088,5,2.9,5,2.9,53,37.4,54,6.3,5.6,11.3,181.3,72.5,50.6,10,64,5.5,5.63,4.94,,,OsweBr00
David Fales,Dolphins,2018,1,880000,880000,90000,0.005,,1268352,1268352,129718,50,David Fales,MIA,27,QB,2,0,,29,43,67.4,265,1,2.3,1,2.3,15,47.7,26,6.2,5.6,9.1,132.5,82,17.9,1,8,2.3,5.84,5.27,,,FaleDa00
Geno Smith,Seahawks,2019,1,870000,870000,0,0.005,,1180648,1180648,0,85,Geno Smith,LAC,28,QB,5,0,,1,4,25,8,0,0,0,0,0,0,8,2,2,8,1.6,39.6,0.7,1,16,20,-1.6,-1.6,,,SmitGe00
Matt Flynn,Saints,2015,1,870000,870000,0,0.006,,1550796,1550796,0,62,Matt Flynn,GNB,29,QB,7,0,,8,16,50,66,0,0,1,6.3,3,33.3,14,4.1,1.3,8.3,9.4,34.9,4.8,2,12,11.1,3,0.5,,,FlynMa00
Blaine Gabbert,Cardinals,2017,1,855000,855000,80000,0.005,,1307587,1307587,122347,37,Blaine Gabbert,SFO,27,QB,6,5,36529,91,160,56.9,925,5,3.1,6,3.8,50,40.4,75,5.8,4.7,10.2,154.2,68.4,54.1,11,48,6.4,5.13,4.13,,,GabbBl00
Dwayne Haskins,Steelers,2021,1,850000,850000,0,0.005,,1189534,1189534,0,36,Dwayne Haskins,WAS,23,QB,7,6,36530,148,241,61.4,1439,5,2.1,7,2.9,73,37.9,50,6,5.1,9.7,205.6,73,24.8,20,141,7.7,4.97,4.15,1,1,HaskDw00
Kyle Allen,Commanders,2021,1,850000,850000,0,0.005,,1189534,1189534,0,45,Kyle Allen,WAS,24,QB,4,4,36528,60,87,69,610,4,4.6,1,1.1,30,46.8,52,7,7.4,10.2,152.5,99.3,68.2,7,44,7.4,6.02,6.39,,,AlleKy00
Taylor Heinicke,Panthers,2019,1,805000,805000,0,0.004,,1092439,1092439,0,49,Taylor Heinicke,CAR,25,QB,6,1,0-1-0,35,57,61.4,320,1,1.8,3,5.3,19,40.7,33,5.6,3.6,9.1,53.3,60.6,18.3,2,17,3.4,5.14,3.19,,,HeinTa00
Landry Jones,Jaguars,2018,1,790000,790000,0,0.004,,1138634,1138634,0,53,Landry Jones,PIT,28,QB,3,1,1-0-0,23,28,82.1,239,1,3.6,1,3.6,9,45.2,46,8.5,7.6,10.4,79.7,99.3,47.5,3,15,9.7,7.23,6.42,,,JoneLa02
Tyler Huntley,Ravens,2021,1,780000,780000,0,0.004,,1091573,1091573,0,91,Tyler Huntley,BAL,22,QB,2,0,,3,5,60,15,0,0,0,0,0,20,8,3,3,5,7.5,64.6,1.4,0,0,0,3,3,,,HuntTy01
Brock Osweiler,Broncos,2017,1,775000,775000,0,0.005,,1185240,1185240,0,27,Brock Osweiler,HOU,26,QB,15,14,36744,301,510,59,2957,15,2.9,16,3.1,154,42.5,53,5.8,5,9.8,197.1,72.2,49.3,27,206,5,5.12,4.34,2,2,OsweBr00
Matt Barkley,Cardinals,2017,1,775000,775000,0,0.005,,1185240,1185240,0,31,Matt Barkley,CHI,26,QB,7,6,36530,129,216,59.7,1611,8,3.7,14,6.5,90,52.7,37,7.5,5.3,12.5,230.1,68.3,33.6,6,43,2.7,7.06,4.95,,,BarkMa00
Matt McGloin,Texans,2017,1,775000,775000,0,0.005,,1185240,1185240,0,61,Matt McGloin,OAK,27,QB,3,1,0-1-0,8,15,53.3,50,0,0,0,0,3,26.7,19,3.3,3.3,6.3,16.7,60.4,11.6,0,0,0,3.33,3.33,,,McGlMa01
Cody Kessler,Patriots,2019,2,1540000,770000,0,0.004,,2089883,1044942,0,40,Cody Kessler,JAX,25,QB,5,4,36558,85,131,64.9,709,2,1.5,2,1.5,35,41.2,35,5.4,5,8.3,141.8,77.4,25.9,22,149,14.4,3.66,3.33,,,KessCo00
T.J. Yates,Dolphins,2016,1,760000,760000,0,0.005,,1250106,1250106,0,51,T.J. Yates,HOU,28,QB,4,2,2-0-0,28,57,49.1,370,3,5.3,1,1.8,19,33.9,61,6.5,6.8,13.2,92.5,80.3,50.1,5,33,8.1,5.44,5.68,1,1,YateT.00
Christian Ponder,Broncos,2015,1,745000,745000,0,0.005,,1327980,1327980,0,52,Christian Ponder,MIN,26,QB,2,1,0-1-0,22,44,50,222,0,0,2,4.5,13,34,18,5,3,10.1,111,45.8,8.4,6,34,12,3.76,1.96,,,PondCh00
Tom Savage,CIN/SF,2018,1,705000,705000,0,0.004,,1016123,1016123,0,35,Tom Savage,HOU,27,QB,8,7,36531,125,223,56.1,1412,5,2.2,6,2.7,70,39.8,57,6.3,5.6,11.3,176.5,71.4,42.3,21,159,8.6,5.14,4.44,1,1,SavaTo00
Garrett Gilbert,Browns,2019,2,1380000,690000,75000,0.004,,1872752,936376,101780,66,Garrett Gilbert,CAR,27,QB,1,0,,2,3,66.7,40,0,0,0,0,1,25,31,13.3,13.3,20,40,109.7,40.4,1,5,25,8.75,8.75,,,GilbGa01
David Fales,Dolphins,2017,1,690000,690000,0,0.004,,1055246,1055246,0,69,David Fales,CHI,26,QB,1,0,,2,5,40,22,0,0,0,0,2,33.3,12,4.4,4.4,11,22,53.7,1.4,1,5,16.7,2.83,2.83,,,FaleDa00
Ryan Lindley,Patriots,2015,1,660000,660000,0,0.005,,1176466,1176466,0,44,Ryan Lindley,ARI,25,QB,3,2,0-2-0,45,93,48.4,562,2,2.2,4,4.3,30,37.4,41,6,4.5,12.5,187.3,56.8,32.9,6,46,6.1,5.21,3.8,,,LindRy00
Jeff Driskel,Lions,2019,1,645000,645000,0,0.003,,875308,875308,0,38,Jeff Driskel,CIN,25,QB,9,5,36529,105,176,59.7,1003,6,3.4,2,1.1,50,38.5,37,5.7,5.9,9.6,111.4,82.2,29.7,16,122,8.3,4.59,4.74,,,DrisJe00
Nathan Peterman,Raiders,2019,1,645000,645000,0,0.003,,875308,875308,0,50,Nathan Peterman,BUF,24,QB,4,2,0-2-0,44,81,54.3,296,1,1.2,7,8.6,13,28.4,26,3.7,0,6.7,74,30.7,8,7,34,8,2.98,-0.38,,,PeteNa00
Joe Callahan,Packers,2018,1,630000,630000,0,0.004,,908025,908025,0,75,Joe Callahan,GNB,24,QB,1,0,,5,7,71.4,11,0,0,0,0,1,14.3,9,1.6,1.6,2.2,11,74.1,43.7,0,0,0,1.57,1.57,,,CallJo00
Kevin Hogan,Commanders,2018,1,630000,630000,0,0.004,,908025,908025,0,46,Kevin Hogan,CLE,25,QB,4,1,0-1-0,46,75,61.3,517,4,5.3,5,6.7,21,40.7,49,6.9,5,11.2,129.3,71.9,40.5,6,35,7.4,5.95,4.16,,,HogaKe00
Alex Tanney,Titans,2016,3,1170000,585000,0,0.004,,1924506,962253,0,60,Alex Tanney,TEN,28,QB,1,0,,10,14,71.4,99,1,7.1,0,0,7,41.2,29,7.1,8.5,9.9,99,114.9,43.3,3,34,17.6,3.82,5,,,TannAl00
Kyle Allen,WAS/CAR,2020,1,585000,585000,0,0.003,,753829,753829,0,19,Kyle Allen,CAR,23,QB,13,12,36653,303,489,62,3322,17,3.5,16,3.3,188,46.7,52,6.8,6,11,255.5,80,38.3,46,397,8.6,5.47,4.76,0,1,AlleKy00
Case Keenum,Rams,2015,1,585000,585000,0,0.004,,1042776,1042776,0,46,Case Keenum,HOU,26,QB,2,2,2-0-0,45,77,58.4,435,2,2.6,2,2.6,21,43.8,35,5.6,5,9.7,217.5,72.2,39.3,3,15,3.8,5.25,4.63,1,1,KeenCa00
Brett Rypien,Seahawks,2023,1,370800,370800,0,0.002,,421274,421274,0,52,Brett Rypien,DEN,26,QB,4,2,36526,53,88,60.2,483,2,2.3,4,4.5,24,41.7,45,5.5,3.9,9.1,120.8,63.8,25.8,8,47,8.3,4.54,3.08,,,RypiBr00
David Blough,Lions,2023,1,370800,370800,0,0.002,,421274,421274,0,56,David Blough,ARI,27,QB,2,2,0-2-0,38,58,65.5,402,2,3.4,2,3.4,18,36.5,77,6.9,6.1,10.6,201,82.7,29.8,5,24,7.9,6,5.21,,,BlouDa00
Jeff Driskel,Cardinals,2023,1,370800,370800,0,0.002,,421274,421274,0,70,Jeff Driskel,HOU,29,QB,7,2,0-1-0,14,20,70,108,1,5,0,0,5,40.9,28,5.4,6.4,7.7,15.4,99.6,20.9,2,13,9.1,4.32,5.23,,,DrisJe00
Joe Flacco,Browns,2023,1,370800,370800,0,0.002,,421274,421274,0,39,Joe Flacco,NYJ,37,QB,5,4,36528,110,191,57.6,1051,5,2.6,3,1.6,55,39.3,66,5.5,5.3,9.6,210.2,75.2,36.1,10,66,5,4.9,4.73,1,1,FlacJo00
John Wolford,Buccaneers,2023,1,370800,370800,0,0.002,,421274,421274,0,57,John Wolford,LAR,27,QB,3,3,36527,38,62,61.3,390,1,1.6,3,4.8,19,43.5,30,6.3,4.4,10.3,130,64.6,24.2,7,49,10.1,4.94,3.28,,,WolfJo00
Nathan Peterman,Bears,2023,1,370800,370800,0,0.002,,421274,421274,0,69,Nathan Peterman,CHI,28,QB,3,1,0-1-0,14,25,56,139,1,4,1,4,9,38.5,28,5.6,4.6,9.9,46.3,68.6,41.9,1,6,3.8,5.12,4.15,,,PeteNa00
Tim Boyle,Jets,2023,1,370800,370800,0,0.002,,421274,421274,0,79,Tim Boyle,CHI,28,QB,1,0,,2,8,25,33,0,0,2,25,2,25,17,4.1,-7.1,16.5,33,4.7,1.2,0,0,0,4.13,-7.13,,,BoylTi00
Trevor Siemian,Jets,2023,1,370800,370800,0,0.002,,421274,421274,0,65,Trevor Siemian,CHI,31,QB,2,1,0-1-0,15,26,57.7,184,1,3.8,1,3.8,7,39.3,33,7.1,6.1,12.3,92,76.4,27.9,2,14,7.1,6.07,5.18,,,SiemTr00
Cooper Rush,Cowboys,2022,1,358200,358200,0,0.002,,439406,439406,0,50,Cooper Rush,DAL,28,QB,5,1,1-0-0,30,47,63.8,422,3,6.4,1,2.1,18,40,73,9,9.3,14.1,84.4,105.1,47.8,3,19,6,8.06,8.36,1,1,RushCo00
Sean Mannion,Seahawks,2022,1,358200,358200,0,0.002,,439406,439406,0,59,Sean Mannion,MIN,29,QB,1,1,0-1-0,22,36,61.1,189,1,2.8,0,0,8,31.6,30,5.3,5.8,8.6,189,84.1,39.1,2,15,5.3,4.58,5.11,,,MannSe00
Kyle Lauletta,Eagles,2019,1,340000,340000,0,0.002,,461403,461403,0,104,Kyle Lauletta,NYG,23,QB,2,0,,0,5,0,0,0,0,1,20,0,0,0,0,-9,,0,0,0.1,0,0,0,0,-9,,,LaulKy00
Jake Rudock,Lions,2018,1,340000,340000,0,0.002,,490045,490045,0,71,Jake Rudock,DET,24,QB,3,0,,3,5,60,24,0,0,1,20,1,40,13,4.8,-4.2,8,8,32.5,5.1,0,0,0,4.8,-4.2,,,RudoJa00
Trace McSorley,CHI/PIT,2023,1,289800,289800,0,0.001,,329248,329248,0,54,Trace McSorley,ARI,27,QB,6,1,0-1-0,45,83,54.2,412,0,0,5,6,17,29.1,47,5,2.3,9.2,68.7,42.8,10.6,3,27,3.5,4.48,1.86,,,McSoTr00
Josh Johnson,Broncos,2022,1,288000,288000,0,0.001,,353291,353291,0,45,Josh Johnson,2TM,35,QB,4,1,0-1-0,57,85,67.1,638,5,5.9,2,2.4,39,55.7,28,7.5,7.6,11.2,159.5,99,57.7,3,23,3.4,6.99,7.1,,,JohnJo05
Garrett Gilbert,Patriots,2022,1,277200,277200,0,0.001,,340043,340043,0,58,Garrett Gilbert,WAS,30,QB,1,1,0-1-0,20,31,64.5,194,0,0,0,0,8,42.4,46,6.3,6.3,9.7,194,81.9,45.6,2,20,6.1,5.27,5.27,,,GilbGa01
Josh Rosen,Vikings,2022,1,277200,277200,0,0.001,,340043,340043,0,80,Josh Rosen,ATL,24,QB,4,0,,2,11,18.2,19,0,0,2,18.2,1,18.2,14,1.7,-6.5,9.5,4.8,0,0.2,0,0,0,1.73,-6.45,,,RoseJo01
Mike Glennon,Dolphins,2022,1,277200,277200,0,0.001,,340043,340043,0,40,Mike Glennon,NYG,32,QB,6,4,0-4-0,90,167,53.9,790,4,2.4,10,6,43,33,60,4.7,2.5,8.8,131.7,49.7,14.7,9,68,5.1,4.1,2,,,GlenMi00
Tim Boyle,Lions,2022,1,277200,277200,0,0.001,,340043,340043,0,47,Tim Boyle,DET,27,QB,5,3,0-3-0,61,94,64.9,526,3,3.2,6,6.4,28,44.7,42,5.6,3.4,8.6,105.2,63.5,31.4,0,0,0,5.6,3.36,,,BoylTi00
Brian Hoyer,Patriots,2021,1,252000,252000,0,0.001,,352662,352662,0,63,Brian Hoyer,NWE,35,QB,1,1,0-1-0,15,24,62.5,130,0,0,1,4.2,8,42.3,25,5.4,3.5,8.7,130,59.4,22.4,2,18,7.7,4.31,2.58,,,HoyeBr00
Garrett Gilbert,Patriots,2021,1,252000,252000,0,0.001,,352662,352662,0,54,Garrett Gilbert,DAL,29,QB,1,1,0-1-0,21,38,55.3,243,1,2.6,1,2.6,10,42.5,32,6.4,5.7,11.6,243,72.6,56.8,2,23,5,5.5,4.88,,,GilbGa01
Jeff Driskel,Texans,2021,1,252000,252000,0,0.001,,352662,352662,0,46,Jeff Driskel,DEN,27,QB,3,1,0-1-0,35,64,54.7,432,3,4.7,2,3.1,18,33.3,45,6.8,6.3,12.3,144,78.4,36.1,11,98,14.7,4.45,4.05,,,DrisJe00
Nathan Peterman,Raiders,2021,1,252000,252000,0,0.001,,352662,352662,0,82,Nathan Peterman,LVR,26,QB,1,0,,3,5,60,25,0,0,0,0,1,28.6,12,5,5,8.3,25,72.9,24.3,2,16,28.6,1.29,1.29,,,PeteNa00
Nick Mullens,Browns,2021,1,252000,252000,0,0.001,,352662,352662,0,26,Nick Mullens,SFO,25,QB,10,8,36562,211,326,64.7,2437,12,3.7,12,3.7,120,47.5,49,7.5,6.6,11.5,243.7,84.1,36.3,19,139,5.5,6.66,5.79,1,1,MullNi00
Anthony Brown,Ravens,2023,1,216000,216000,0,0.001,,245402,245402,0,58,Anthony Brown,BAL,24,QB,2,1,0-1-0,22,49,44.9,302,0,0,2,4.1,13,31.5,47,6.2,4.3,13.7,151,48.2,,5,14,9.3,5.33,3.67,,,BrowAn06
Bailey Zappe,Patriots,2023,1,216000,216000,0,0.001,,245402,245402,0,42,Bailey Zappe,NWE,23,QB,4,2,2-0-0,65,92,70.7,781,5,5.4,3,3.3,37,50,53,8.5,8.1,12,195.3,100.9,36.4,6,40,6.1,7.56,7.2,,,ZappBa00
Jacob Eason,Giants,2023,1,216000,216000,0,0.001,,245402,245402,0,72,Jacob Eason,CAR,25,QB,1,0,,3,5,60,59,0,0,1,20,2,60,49,11.8,2.8,19.7,59,61.7,0.9,0,0,0,11.8,2.8,,,EasoJa00
Tyler Bray,Bears,2018,1,212500,212500,0,0.001,,306278,306278,0,79,Tyler Bray,KAN,26,QB,1,0,,0,1,0,0,0,0,0,0,0,0,0,0,0,,0,39.6,0,0,0,0,0,0,,,BrayTy00
Chris Streveler,Jets,2022,1,207000,207000,0,0.001,,253928,253928,0,72,Chris Streveler,ARI,26,QB,2,0,,6,9,66.7,36,0,0,0,0,1,36.4,17,4,4,6,18,74.3,3,2,17,18.2,1.73,1.73,,,StreCh00
Jacob Eason,49ers,2022,1,207000,207000,0,0.001,,253928,253928,0,77,Jacob Eason,IND,24,QB,1,0,,2,5,40,25,0,0,1,20,2,40,10,5,-4,12.5,25,16.7,0.1,0,0,0,5,-4,,,EasoJa00
Jake Fromm,Commanders,2022,1,207000,207000,0,0.001,,253928,253928,0,57,Jake Fromm,NYG,23,QB,3,2,0-2-0,27,60,45,210,1,1.7,3,5,10,27.3,36,3.5,1.6,7.8,70,38.9,18.8,6,33,9.1,2.68,0.94,,,FromJa00
Alex Tanney,Giants,2020,1,204000,204000,0,0.001,,262874,262874,0,90,Alex Tanney,NYG,32,QB,1,0,,1,1,100,1,0,0,0,0,0,0,1,1,1,1,1,79.2,1.4,0,0,0,1,1,,,TannAl00
Blake Bortles,Broncos,2020,1,204000,204000,0,0.001,,262874,262874,0,87,Blake Bortles,LAR,27,QB,3,0,,1,2,50,3,0,0,0,0,0,0,3,1.5,1.5,3,1,56.2,0.1,0,0,0,1.5,1.5,,,BortBl00
Brandon Allen,Bengals,2020,1,204000,204000,0,0.001,,262874,262874,0,46,Brandon Allen,DEN,27,QB,3,3,36527,39,84,46.4,515,3,3.6,2,2.4,20,28,75,6.1,5.8,13.2,171.7,68.3,40.1,9,59,9.7,4.9,4.58,,,AlleBr00
Josh McCown,Eagles,2020,1,204000,204000,0,0.001,,262874,262874,0,71,Josh McCown,PHI,40,QB,3,0,,3,5,60,24,0,0,0,0,2,60,13,4.8,4.8,8,8,72.1,54.3,0,0,0,4.8,4.8,,,McCoJo01
Matt Moore,Chiefs,2020,1,204000,204000,0,0.001,,262874,262874,0,42,Matt Moore,KAN,35,QB,6,2,36526,59,91,64.8,659,4,4.4,0,0,35,47.5,57,7.2,8.1,11.2,109.8,100.9,57.5,8,65,8.1,6,6.81,1,1,MoorMa01
Mike Glennon,Jaguars,2020,1,204000,204000,0,0.001,,262874,262874,0,58,Mike Glennon,OAK,30,QB,2,0,,6,10,60,56,1,10,0,0,3,40,19,5.6,7.6,9.3,28,108.7,25.2,0,0,0,5.6,7.6,,,GlenMi00
Trevor Siemian,Titans,2020,1,204000,204000,0,0.001,,262874,262874,0,88,Trevor Siemian,NYJ,28,QB,1,1,0-1-0,3,6,50,3,0,0,0,0,0,0,3,0.5,0.5,1,3,56.2,1.2,2,17,25,-1.75,-1.75,,,SiemTr00
Logan Thomas,Dolphins,2015,1,170000,170000,0,0.001,,303029,303029,0,59,Logan Thomas,ARI,23,QB,2,0,,1,9,11.1,81,1,11.1,0,0,1,9.1,81,9,11.2,81,40.5,101.6,9.4,2,11,18.2,6.36,8.18,,,ThomLo00
Ben DiNucci,Cowboys,2021,1,165600,165600,0,0.001,,231749,231749,0,57,Ben DiNucci,DAL,24,QB,3,1,0-1-0,23,43,53.5,219,0,0,0,0,11,34,32,5.1,5.1,9.5,73,67.9,10.2,7,73,14,2.92,2.92,,,DiNuBe00
Brett Rypien,Broncos,2021,1,165600,165600,0,0.001,,231749,231749,0,50,Brett Rypien,DEN,24,QB,3,1,1-0-0,27,40,67.5,295,2,5,4,10,12,48.8,48,7.4,3.9,10.9,98.3,66.1,50.3,1,0,2.4,7.2,3.78,1,1,RypiBr00
Chris Streveler,Ravens,2021,1,165600,165600,0,0.001,,231749,231749,0,64,Chris Streveler,ARI,25,QB,5,0,,11,16,68.8,105,1,6.3,1,6.3,5,33.3,19,6.6,5,9.5,21,81.5,29.6,2,10,11.1,5.28,3.89,,,StreCh00
Jake Luton,Dolphins,2021,1,165600,165600,0,0.001,,231749,231749,0,44,Jake Luton,JAX,24,QB,3,3,0-3-0,60,110,54.5,624,2,1.8,6,5.5,31,41,73,5.7,3.6,10.4,208,54.5,32.8,7,52,6,4.89,2.92,,,LutoJa00
Nate Sudfeld,49ers,2021,1,165600,165600,0,0.001,,231749,231749,0,77,Nate Sudfeld,PHI,27,QB,1,0,,5,12,41.7,32,0,0,1,8.3,1,21.4,10,2.7,-1.1,6.4,32,14.6,1.6,2,16,14.3,1.14,-2.07,,,SudfNa00
Trace McSorley,Ravens,2021,1,165600,165600,0,0.001,,231749,231749,0,65,Trace McSorley,BAL,25,QB,2,0,,3,10,30,90,1,10,0,0,2,20,70,9,11,30,45,97.9,28.9,0,0,0,9,11,,,McSoTr00
Tyler Bray,49ers,2021,1,165600,165600,0,0.001,,231749,231749,0,87,Tyler Bray,CHI,29,QB,1,0,,1,5,20,18,0,0,0,0,1,20,18,3.6,3.6,18,18,42.1,7.5,0,0,0,3.6,3.6,,,BrayTy00
David Blough,Lions,2020,1,142800,142800,0,0.001,,184012,184012,0,39,David Blough,DET,24,QB,5,5,0-5-0,94,174,54,984,4,2.3,6,3.4,47,37.2,75,5.7,4.6,10.5,196.8,64,34,14,104,7.4,4.68,3.67,,,BlouDa00
Devlin Hodges,Steelers,2020,1,142800,142800,0,0.001,,184012,184012,0,36,Devlin Hodges,PIT,23,QB,8,6,36588,100,160,62.5,1063,5,3.1,8,5,51,38.9,79,6.6,5,10.6,132.9,71.4,31.8,15,102,8.6,5.49,4.01,0,1,HodgDe00
Garrett Gilbert,Browns,2020,1,142800,142800,0,0.001,,184012,184012,0,95,Garrett Gilbert,CLE,28,QB,5,0,,0,3,0,0,0,0,0,0,0,0,0,0,0,,0,39.6,22.8,0,0,0,0,0,,,GilbGa01
Josh Rosen,Buccaneers,2020,1,142800,142800,0,0.001,,184012,184012,0,45,Josh Rosen,MIA,22,QB,6,3,0-3-0,58,109,53.2,567,1,0.9,5,4.6,26,35.2,40,5.2,3.3,9.8,94.5,52,19.7,16,93,12.8,3.79,2.15,,,RoseJo01
Nathan Peterman,Raiders,2018,1,129200,129200,0,0.001,,186217,186217,0,52,Nathan Peterman,BUF,23,QB,4,2,36526,24,49,49,252,2,4.1,5,10.2,15,38,21,5.1,1.4,10.5,63,38.4,13.2,1,5,2,4.94,1.24,,,PeteNa00
Trevone Boykin,Seahawks,2017,1,122400,122400,0,0.001,,187191,187191,0,54,Trevone Boykin,SEA,23,QB,5,0,,13,18,72.2,145,1,5.6,1,5.6,8,68.4,31,8.1,6.7,11.2,29,91.2,65.7,1,5,5.3,7.37,6.05,,,BoykTr00
B.J. Daniels,Falcons,2016,1,117300,117300,0,0.001,,192944,192944,0,75,B.J. Daniels,2TM,27,QB,8,0,,1,2,50,7,0,0,0,0,0,0,7,3.5,3.5,7,0.9,58.3,9,0,0,0,3.5,3.5,,,DaniB.00
Matt Barkley,Titans,2021,1,1100000,110000,25000,0.001,,1539397,153940,34986,59,Matt Barkley,BUF,30,QB,5,0,,11,21,52.4,197,1,4.8,1,4.8,9,40.9,56,9.4,8.2,17.9,39.4,80.9,27.4,1,7,4.5,8.64,7.5,,,BarkMa00
